ObservationID-fullanon,double-anon-userID,problemId,day,coder,AFFECT,BEHAVIOR
EGMDH-math_assistment-2-at_08:35:23-1,95120496,53865,10/19/1900,EGMDH,CONCENTRATING,ON TASK
EGMDH-math_assistment-2-at_08:35:23-10,7818020,890,10/19/1900,EGMDH,CONCENTRATING,ON TASK
EGMDH-math_assistment-2-at_08:35:23-102,92990428,89743,10/19/1900,EGMDH,CONCENTRATING,ON TASK
EGMDH-math_assistment-2-at_08:35:23-103,34658556,85862,10/19/1900,EGMDH,CONCENTRATING,ON TASK
EGMDH-math_assistment-2-at_08:35:23-106,95120496,56813,10/19/1900,EGMDH,FRUSTRATED,ON TASK
EGMDH-math_assistment-2-at_08:35:23-107,22599260,56889,10/19/1900,EGMDH,CONCENTRATING,ON TASK
EGMDH-math_assistment-2-at_08:35:23-109,35414661,221684,10/19/1900,EGMDH,BORED,ON TASK
EGMDH-math_assistment-2-at_08:35:23-112,33419731,89727,10/19/1900,EGMDH,CONCENTRATING,ON TASK
EGMDH-math_assistment-2-at_08:35:23-113,31614137,56822,10/19/1900,EGMDH,CONCENTRATING,ON TASK
EGMDH-math_assistment-2-at_08:35:23-115,7818020,56745,10/19/1900,EGMDH,CONFUSED,ON TASK
EGMDH-math_assistment-2-at_08:35:23-117,92990428,53953,10/19/1900,EGMDH,CONCENTRATING,ON TASK
EGMDH-math_assistment-2-at_08:35:23-125,89766474,89736,10/19/1900,EGMDH,CONCENTRATING,ON TASK
EGMDH-math_assistment-2-at_08:35:23-127,33419731,54581,10/19/1900,EGMDH,CONCENTRATING,ON TASK
EGMDH-math_assistment-2-at_08:35:23-132,92990428,93148,10/19/1900,EGMDH,CONCENTRATING,ON TASK
EGMDH-math_assistment-2-at_08:35:23-136,95120496,51174,10/19/1900,EGMDH,CONCENTRATING,ON TASK
EGMDH-math_assistment-2-at_08:35:23-142,33419731,86052,10/19/1900,EGMDH,CONCENTRATING,ON TASK
EGMDH-math_assistment-2-at_08:35:23-144,20034238,48886,10/19/1900,EGMDH,CONCENTRATING,ON TASK
EGMDH-math_assistment-2-at_08:35:23-145,7818020,61117,10/19/1900,EGMDH,CONCENTRATING,ON TASK
EGMDH-math_assistment-2-at_08:35:23-151,95120496,125679,10/19/1900,EGMDH,BORED,ON TASK
EGMDH-math_assistment-2-at_08:35:23-152,22599260,56862,10/19/1900,EGMDH,CONCENTRATING,ON TASK
EGMDH-math_assistment-2-at_08:35:23-157,33419731,61110,10/19/1900,EGMDH,CONCENTRATING,ON TASK
EGMDH-math_assistment-2-at_08:35:23-158,31614137,56870,10/19/1900,EGMDH,CONCENTRATING,ON TASK
EGMDH-math_assistment-2-at_08:35:23-159,20034238,49044,10/19/1900,EGMDH,CONCENTRATING,ON TASK
EGMDH-math_assistment-2-at_08:35:23-160,7818020,86071,10/19/1900,EGMDH,CONCENTRATING,ON TASK
EGMDH-math_assistment-2-at_08:35:23-161,41754308,4902,10/19/1900,EGMDH,CONCENTRATING,ON TASK
EGMDH-math_assistment-2-at_08:35:23-165,76673615,49038,10/19/1900,EGMDH,CONCENTRATING,ON TASK
EGMDH-math_assistment-2-at_08:35:23-167,22599260,172907,10/19/1900,EGMDH,CONFUSED,ON TASK
EGMDH-math_assistment-2-at_08:35:23-176,41754308,9679,10/19/1900,EGMDH,CONCENTRATING,ON TASK
EGMDH-math_assistment-2-at_08:35:23-178,34658556,125702,10/19/1900,EGMDH,CONCENTRATING,ON TASK
EGMDH-math_assistment-2-at_08:35:23-180,76673615,61104,10/19/1900,EGMDH,CONCENTRATING,ON TASK
EGMDH-math_assistment-2-at_08:35:23-181,95120496,61111,10/19/1900,EGMDH,CONCENTRATING,ON TASK
EGMDH-math_assistment-2-at_08:35:23-182,22599260,172897,10/19/1900,EGMDH,CONCENTRATING,ON TASK
EGMDH-math_assistment-2-at_08:35:23-187,33419731,88416,10/19/1900,EGMDH,BORED,OFF TASK
EGMDH-math_assistment-2-at_08:35:23-19,35414661,53900,10/19/1900,EGMDH,CONCENTRATING,ON TASK
EGMDH-math_assistment-2-at_08:35:23-190,7818020,85825,10/19/1900,EGMDH,CONCENTRATING,ON TASK
EGMDH-math_assistment-2-at_08:35:23-191,41754308,192711,10/19/1900,EGMDH,CONCENTRATING,ON TASK
EGMDH-math_assistment-2-at_08:35:23-192,92990428,189671,10/19/1900,EGMDH,CONCENTRATING,OFF TASK
EGMDH-math_assistment-2-at_08:35:23-195,76673615,172905,10/19/1900,EGMDH,FRUSTRATED,ON TASK
EGMDH-math_assistment-2-at_08:35:23-201,73077936,66810,10/19/1900,EGMDH,CONCENTRATING,OFF TASK
EGMDH-math_assistment-2-at_08:35:23-202,33419731,125685,10/19/1900,EGMDH,CONCENTRATING,ON TASK
EGMDH-math_assistment-2-at_08:35:23-204,20034238,184345,10/19/1900,EGMDH,CONCENTRATING,ON TASK
EGMDH-math_assistment-2-at_08:35:23-205,7818020,172835,10/19/1900,EGMDH,CONFUSED,ON TASK
EGMDH-math_assistment-2-at_08:35:23-21,73077936,85065,10/19/1900,EGMDH,CONCENTRATING,ON TASK
EGMDH-math_assistment-2-at_08:35:23-210,76673615,172844,10/19/1900,EGMDH,BORED,ON TASK
EGMDH-math_assistment-2-at_08:35:23-211,95120496,85844,10/19/1900,EGMDH,CONCENTRATING,ON TASK
EGMDH-math_assistment-2-at_08:35:23-219,20034238,184357,10/19/1900,EGMDH,CONCENTRATING,ON TASK
EGMDH-math_assistment-2-at_08:35:23-22,33419731,56822,10/19/1900,EGMDH,CONCENTRATING,ON TASK
EGMDH-math_assistment-2-at_08:35:23-220,7818020,172905,10/19/1900,EGMDH,CONCENTRATING,ON TASK
EGMDH-math_assistment-2-at_08:35:23-221,41754308,1045,10/19/1900,EGMDH,CONCENTRATING,ON TASK
EGMDH-math_assistment-2-at_08:35:23-225,76673615,172901,10/19/1900,EGMDH,CONFUSED,ON TASK
EGMDH-math_assistment-2-at_08:35:23-226,95120496,88493,10/19/1900,EGMDH,CONFUSED,ON TASK
EGMDH-math_assistment-2-at_08:35:23-227,22599260,85945,10/19/1900,EGMDH,CONCENTRATING,ON TASK
EGMDH-math_assistment-2-at_08:35:23-234,20034238,184367,10/19/1900,EGMDH,CONCENTRATING,ON TASK
EGMDH-math_assistment-2-at_08:35:23-235,7818020,172888,10/19/1900,EGMDH,CONCENTRATING,ON TASK
EGMDH-math_assistment-2-at_08:35:23-240,76673615,172869,10/19/1900,EGMDH,BORED,ON TASK
EGMDH-math_assistment-2-at_08:35:23-25,7818020,4515,10/19/1900,EGMDH,CONCENTRATING,ON TASK
EGMDH-math_assistment-2-at_08:35:23-30,76673615,125703,10/19/1900,EGMDH,CONFUSED,ON TASK
EGMDH-math_assistment-2-at_08:35:23-31,95120496,53908,10/19/1900,EGMDH,CONCENTRATING,ON TASK
EGMDH-math_assistment-2-at_08:35:23-32,22599260,66607,10/19/1900,EGMDH,CONCENTRATING,ON TASK
EGMDH-math_assistment-2-at_08:35:23-34,35414661,221645,10/19/1900,EGMDH,BORED,OFF TASK
EGMDH-math_assistment-2-at_08:35:23-35,89766474,185454,10/19/1900,EGMDH,CONCENTRATING,ON TASK
EGMDH-math_assistment-2-at_08:35:23-38,31614137,85854,10/19/1900,EGMDH,CONCENTRATING,ON TASK
EGMDH-math_assistment-2-at_08:35:23-42,92990428,172845,10/19/1900,EGMDH,CONCENTRATING,ON TASK
EGMDH-math_assistment-2-at_08:35:23-45,76673615,91008,10/19/1900,EGMDH,FRUSTRATED,ON TASK
EGMDH-math_assistment-2-at_08:35:23-47,22599260,53735,10/19/1900,EGMDH,CONCENTRATING,ON TASK
EGMDH-math_assistment-2-at_08:35:23-52,33419731,56759,10/19/1900,EGMDH,BORED,GAMING
EGMDH-math_assistment-2-at_08:35:23-53,31614137,85836,10/19/1900,EGMDH,CONCENTRATING,ON TASK
EGMDH-math_assistment-2-at_08:35:23-57,92990428,86046,10/19/1900,EGMDH,CONCENTRATING,ON TASK
EGMDH-math_assistment-2-at_08:35:23-58,34658556,91561,10/19/1900,EGMDH,CONCENTRATING,ON TASK
EGMDH-math_assistment-2-at_08:35:23-61,95120496,56864,10/19/1900,EGMDH,CONCENTRATING,ON TASK
EGMDH-math_assistment-2-at_08:35:23-62,22599260,53645,10/19/1900,EGMDH,CONCENTRATING,ON TASK
EGMDH-math_assistment-2-at_08:35:23-66,73077936,66799,10/19/1900,EGMDH,CONFUSED,ON TASK
EGMDH-math_assistment-2-at_08:35:23-67,33419731,53335,10/19/1900,EGMDH,BORED,OFF TASK
EGMDH-math_assistment-2-at_08:35:23-68,31614137,84609,10/19/1900,EGMDH,CONCENTRATING,ON TASK
EGMDH-math_assistment-2-at_08:35:23-7,33419731,53966,10/19/1900,EGMDH,CONCENTRATING,ON TASK
EGMDH-math_assistment-2-at_08:35:23-70,7818020,1306,10/19/1900,EGMDH,CONCENTRATING,ON TASK
EGMDH-math_assistment-2-at_08:35:23-72,92990428,91037,10/19/1900,EGMDH,CONCENTRATING,ON TASK
EGMDH-math_assistment-2-at_08:35:23-77,22599260,66846,10/19/1900,EGMDH,CONCENTRATING,ON TASK
EGMDH-math_assistment-2-at_08:35:23-79,35414661,221700,10/19/1900,EGMDH,CONCENTRATING,ON TASK
EGMDH-math_assistment-2-at_08:35:23-81,73077936,66831,10/19/1900,EGMDH,FRUSTRATED,ON TASK
EGMDH-math_assistment-2-at_08:35:23-84,20034238,49018,10/19/1900,EGMDH,CONCENTRATING,ON TASK
EGMDH-math_assistment-2-at_08:35:23-85,7818020,1305,10/19/1900,EGMDH,BORED,ON TASK
EGMDH-math_assistment-2-at_08:35:23-87,92990428,125656,10/19/1900,EGMDH,CONCENTRATING,ON TASK
EGMDH-math_assistment-2-at_08:35:23-92,22599260,56731,10/19/1900,EGMDH,CONCENTRATING,ON TASK
EGMDH-math_assistment-2-at_08:35:23-94,35414661,221602,10/19/1900,EGMDH,CONCENTRATING,ON TASK
EGMDH-math_assistment-2-at_08:35:23-95,89766474,53762,10/19/1900,EGMDH,CONFUSED,ON TASK
EGMDH-math_assistment-2-at_08:35:23-97,33419731,89727,10/19/1900,EGMDH,BORED,ON TASK
EGMDH-math_assistments-1-at_07:44:12-1,64663433,108895,10/15/1900,EGMDH,FRUSTRATED,ON TASK
EGMDH-math_assistments-1-at_07:44:12-101,64663433,109963,10/15/1900,EGMDH,CONCENTRATING,ON TASK CONV
EGMDH-math_assistments-1-at_07:44:12-102,28041396,88042,10/15/1900,EGMDH,CONCENTRATING,ON TASK
EGMDH-math_assistments-1-at_07:44:12-103,15968270,109992,10/15/1900,EGMDH,BORED,OFF TASK
EGMDH-math_assistments-1-at_07:44:12-104,70786143,88410,10/15/1900,EGMDH,BORED,OFF TASK
EGMDH-math_assistments-1-at_07:44:12-111,10203203,33771,10/15/1900,EGMDH,CONCENTRATING,ON TASK
EGMDH-math_assistments-1-at_07:44:12-112,13863381,109038,10/15/1900,EGMDH,CONCENTRATING,ON TASK
EGMDH-math_assistments-1-at_07:44:12-115,11811550,88472,10/15/1900,EGMDH,CONCENTRATING,ON TASK
EGMDH-math_assistments-1-at_07:44:12-116,56784912,102325,10/15/1900,EGMDH,CONCENTRATING,ON TASK
EGMDH-math_assistments-1-at_07:44:12-118,84679264,51195,10/15/1900,EGMDH,CONCENTRATING,ON TASK
EGMDH-math_assistments-1-at_07:44:12-123,30314880,85963,10/15/1900,EGMDH,CONCENTRATING,ON TASK
EGMDH-math_assistments-1-at_07:44:12-125,45792248,51147,10/15/1900,EGMDH,BORED,OFF TASK
EGMDH-math_assistments-1-at_07:44:12-127,28041396,84592,10/15/1900,EGMDH,BORED,ON TASK
EGMDH-math_assistments-1-at_07:44:12-128,15968270,108895,10/15/1900,EGMDH,BORED,ON TASK
EGMDH-math_assistments-1-at_07:44:12-129,70786143,88486,10/15/1900,EGMDH,CONCENTRATING,ON TASK
EGMDH-math_assistments-1-at_07:44:12-132,77509071,12391,10/15/1900,EGMDH,BORED,OFF TASK
EGMDH-math_assistments-1-at_07:44:12-137,13863381,30460,10/15/1900,EGMDH,CONFUSED,ON TASK
EGMDH-math_assistments-1-at_07:44:12-14,957764,102348,10/15/1900,EGMDH,CONCENTRATING,ON TASK
EGMDH-math_assistments-1-at_07:44:12-140,11811550,88052,10/15/1900,EGMDH,CONFUSED,ON TASK
EGMDH-math_assistments-1-at_07:44:12-141,56784912,30404,10/15/1900,EGMDH,CONCENTRATING,ON TASK
EGMDH-math_assistments-1-at_07:44:12-143,84679264,85835,10/15/1900,EGMDH,CONCENTRATING,ON TASK
EGMDH-math_assistments-1-at_07:44:12-148,30314880,88273,10/15/1900,EGMDH,FRUSTRATED,ON TASK
EGMDH-math_assistments-1-at_07:44:12-151,64663433,66794,10/15/1900,EGMDH,FRUSTRATED,GAMING
EGMDH-math_assistments-1-at_07:44:12-153,15968270,102348,10/15/1900,EGMDH,CONCENTRATING,ON TASK
EGMDH-math_assistments-1-at_07:44:12-157,77509071,30460,10/15/1900,EGMDH,CONCENTRATING,ON TASK
EGMDH-math_assistments-1-at_07:44:12-159,58962344,66793,10/15/1900,EGMDH,BORED,OFF TASK
EGMDH-math_assistments-1-at_07:44:12-16,56784912,109999,10/15/1900,EGMDH,CONCENTRATING,GAMING
EGMDH-math_assistments-1-at_07:44:12-162,13863381,108895,10/15/1900,EGMDH,CONCENTRATING,ON TASK
EGMDH-math_assistments-1-at_07:44:12-163,87729701,66824,10/15/1900,EGMDH,CONCENTRATING,ON TASK
EGMDH-math_assistments-1-at_07:44:12-164,957764,88492,10/15/1900,EGMDH,CONCENTRATING,ON TASK
EGMDH-math_assistments-1-at_07:44:12-165,11811550,88079,10/15/1900,EGMDH,CONFUSED,ON TASK
EGMDH-math_assistments-1-at_07:44:12-23,30314880,87984,10/15/1900,EGMDH,CONCENTRATING,GAMING
EGMDH-math_assistments-1-at_07:44:12-25,45792248,109963,10/15/1900,EGMDH,BORED,ON TASK
EGMDH-math_assistments-1-at_07:44:12-32,77509071,30478,10/15/1900,EGMDH,FRUSTRATED,ON TASK
EGMDH-math_assistments-1-at_07:44:12-37,13863381,115339,10/15/1900,EGMDH,CONFUSED,ON TASK
EGMDH-math_assistments-1-at_07:44:12-38,87729701,102348,10/15/1900,EGMDH,BORED,ON TASK
EGMDH-math_assistments-1-at_07:44:12-42,91371942,71380,10/15/1900,EGMDH,BORED,ON TASK
EGMDH-math_assistments-1-at_07:44:12-48,30314880,88493,10/15/1900,EGMDH,CONCENTRATING,ON TASK
EGMDH-math_assistments-1-at_07:44:12-49,92186921,88469,10/15/1900,EGMDH,CONCENTRATING,ON TASK
EGMDH-math_assistments-1-at_07:44:12-50,45792248,66785,10/15/1900,EGMDH,CONCENTRATING,ON TASK
EGMDH-math_assistments-1-at_07:44:12-53,15968270,115334,10/15/1900,EGMDH,CONCENTRATING,ON TASK
EGMDH-math_assistments-1-at_07:44:12-59,58962344,33772,10/15/1900,EGMDH,CONCENTRATING,ON TASK
EGMDH-math_assistments-1-at_07:44:12-61,10203203,115350,10/15/1900,EGMDH,CONCENTRATING,OFF TASK
EGMDH-math_assistments-1-at_07:44:12-62,13863381,109037,10/15/1900,EGMDH,CONCENTRATING,OFF TASK
EGMDH-math_assistments-1-at_07:44:12-63,87729701,102338,10/15/1900,EGMDH,CONCENTRATING,ON TASK
EGMDH-math_assistments-1-at_07:44:12-67,91371942,85971,10/15/1900,EGMDH,FRUSTRATED,OFF TASK
EGMDH-math_assistments-1-at_07:44:12-69,28633794,88494,10/15/1900,EGMDH,CONCENTRATING,ON TASK
EGMDH-math_assistments-1-at_07:44:12-73,30314880,128670,10/15/1900,EGMDH,CONCENTRATING,ON TASK
EGMDH-math_assistments-1-at_07:44:12-76,64663433,102348,10/15/1900,EGMDH,CONCENTRATING,ON TASK
EGMDH-math_assistments-1-at_07:44:12-77,28041396,88033,10/15/1900,EGMDH,CONFUSED,ON TASK
EGMDH-math_assistments-1-at_07:44:12-82,77509071,109992,10/15/1900,EGMDH,CONCENTRATING,ON TASK
EGMDH-math_assistments-1-at_07:44:12-90,11811550,88427,10/15/1900,EGMDH,CONFUSED,ON TASK
EGMDH-math_assistments-1-at_07:44:12-91,56784912,33774,10/15/1900,EGMDH,CONFUSED,ON TASK
EGMDH-math_assistments-1-at_07:44:12-93,84679264,66847,10/15/1900,EGMDH,CONCENTRATING,GAMING
EGMDH-math_assistments-1-at_07:44:12-94,28633794,88283,10/15/1900,EGMDH,BORED,OFF TASK
EGMDH-math_assistments-1-at_07:44:12-98,30314880,52837,10/15/1900,EGMDH,BORED,OFF TASK
EGMDH-math_assistments-1-at_07:41:38-101,89251618,102345,10/19/1900,EGMDH,CONCENTRATING,ON TASK
EGMDH-math_assistments-1-at_07:41:38-107,35974221,71340,10/19/1900,EGMDH,CONCENTRATING,ON TASK
EGMDH-math_assistments-1-at_07:41:38-113,33364866,84632,10/19/1900,EGMDH,CONCENTRATING,ON TASK
EGMDH-math_assistments-1-at_07:41:38-115,42756199,86046,10/19/1900,EGMDH,FRUSTRATED,ON TASK
EGMDH-math_assistments-1-at_07:41:38-116,97739615,109038,10/19/1900,EGMDH,BORED,GAMING
EGMDH-math_assistments-1-at_07:41:38-117,91208687,102345,10/19/1900,EGMDH,CONCENTRATING,ON TASK
EGMDH-math_assistments-1-at_07:41:38-118,17472448,87956,10/19/1900,EGMDH,CONCENTRATING,ON TASK
EGMDH-math_assistments-1-at_07:41:38-122,54169423,187164,10/19/1900,EGMDH,FRUSTRATED,ON TASK
EGMDH-math_assistments-1-at_07:41:38-129,49247620,102345,10/19/1900,EGMDH,CONCENTRATING,ON TASK
EGMDH-math_assistments-1-at_07:41:38-131,87513936,65282,10/19/1900,EGMDH,CONCENTRATING,ON TASK
EGMDH-math_assistments-1-at_07:41:38-132,58898148,58683,10/19/1900,EGMDH,BORED,OFF TASK
EGMDH-math_assistments-1-at_07:41:38-136,33364866,52981,10/19/1900,EGMDH,BORED,ON TASK
EGMDH-math_assistments-1-at_07:41:38-141,17472448,88067,10/19/1900,EGMDH,BORED,OFF TASK
EGMDH-math_assistments-1-at_07:41:38-146,7184108,102348,10/19/1900,EGMDH,BORED,OFF TASK
EGMDH-math_assistments-1-at_07:41:38-15,35974221,33947,10/19/1900,EGMDH,CONCENTRATING,ON TASK
EGMDH-math_assistments-1-at_07:41:38-152,49247620,102357,10/19/1900,EGMDH,CONCENTRATING,ON TASK
EGMDH-math_assistments-1-at_07:41:38-154,87513936,66079,10/19/1900,EGMDH,CONCENTRATING,ON TASK
EGMDH-math_assistments-1-at_07:41:38-16,87513936,66524,10/19/1900,EGMDH,CONCENTRATING,ON TASK
EGMDH-math_assistments-1-at_07:41:38-164,17472448,66532,10/19/1900,EGMDH,BORED,ON TASK
EGMDH-math_assistments-1-at_07:41:38-168,54169423,187248,10/19/1900,EGMDH,CONCENTRATING,ON TASK
EGMDH-math_assistments-1-at_07:41:38-17,58898148,30401,10/19/1900,EGMDH,CONCENTRATING,ON TASK
EGMDH-math_assistments-1-at_07:41:38-170,89251618,66536,10/19/1900,EGMDH,CONCENTRATING,OFF TASK
EGMDH-math_assistments-1-at_07:41:38-177,87513936,108936,10/19/1900,EGMDH,CONCENTRATING,ON TASK
EGMDH-math_assistments-1-at_07:41:38-180,64253834,109964,10/19/1900,EGMDH,CONCENTRATING,ON TASK
EGMDH-math_assistments-1-at_07:41:38-187,17472448,71388,10/19/1900,EGMDH,BORED,OFF TASK
EGMDH-math_assistments-1-at_07:41:38-189,45887049,33950,10/19/1900,EGMDH,CONCENTRATING,ON TASK
EGMDH-math_assistments-1-at_07:41:38-19,64253834,84936,10/19/1900,EGMDH,CONCENTRATING,ON TASK
EGMDH-math_assistments-1-at_07:41:38-190,41145589,61116,10/19/1900,EGMDH,BORED,OFF TASK
EGMDH-math_assistments-1-at_07:41:38-191,54169423,91002,10/19/1900,EGMDH,CONCENTRATING,ON TASK
EGMDH-math_assistments-1-at_07:41:38-193,89251618,66521,10/19/1900,EGMDH,BORED,OFF TASK
EGMDH-math_assistments-1-at_07:41:38-199,35974221,110000,10/19/1900,EGMDH,CONCENTRATING,ON TASK
EGMDH-math_assistments-1-at_07:41:38-20,41164555,102345,10/19/1900,EGMDH,CONCENTRATING,ON TASK
EGMDH-math_assistments-1-at_07:41:38-205,33364866,85947,10/19/1900,EGMDH,CONCENTRATING,ON TASK
EGMDH-math_assistments-1-at_07:41:38-213,41145589,71394,10/19/1900,EGMDH,BORED,ON TASK
EGMDH-math_assistments-1-at_07:41:38-23,42756199,109995,10/19/1900,EGMDH,CONCENTRATING,ON TASK
EGMDH-math_assistments-1-at_07:41:38-24,97739615,109992,10/19/1900,EGMDH,BORED,ON TASK
EGMDH-math_assistments-1-at_07:41:38-28,45887049,33771,10/19/1900,EGMDH,CONCENTRATING,ON TASK
EGMDH-math_assistments-1-at_07:41:38-29,41145589,85873,10/19/1900,EGMDH,CONCENTRATING,ON TASK
EGMDH-math_assistments-1-at_07:41:38-3,17472448,109963,10/19/1900,EGMDH,CONCENTRATING,ON TASK
EGMDH-math_assistments-1-at_07:41:38-30,54169423,90681,10/19/1900,EGMDH,CONCENTRATING,ON TASK
EGMDH-math_assistments-1-at_07:41:38-33,55422958,33774,10/19/1900,EGMDH,BORED,OFF TASK
EGMDH-math_assistments-1-at_07:41:38-40,58898148,33914,10/19/1900,EGMDH,CONCENTRATING,GAMING
EGMDH-math_assistments-1-at_07:41:38-46,42756199,66866,10/19/1900,EGMDH,CONCENTRATING,ON TASK
EGMDH-math_assistments-1-at_07:41:38-48,91208687,33950,10/19/1900,EGMDH,BORED,ON TASK
EGMDH-math_assistments-1-at_07:41:38-55,89251618,33950,10/19/1900,EGMDH,BORED,GAMING
EGMDH-math_assistments-1-at_07:41:38-61,35974221,58699,10/19/1900,EGMDH,CONFUSED,ON TASK
EGMDH-math_assistments-1-at_07:41:38-66,41164555,88065,10/19/1900,EGMDH,CONCENTRATING,ON TASK
EGMDH-math_assistments-1-at_07:41:38-69,42756199,66823,10/19/1900,EGMDH,CONCENTRATING,ON TASK
EGMDH-math_assistments-1-at_07:41:38-7,54169423,54337,10/19/1900,EGMDH,CONCENTRATING,ON TASK
EGMDH-math_assistments-1-at_07:41:38-74,45887049,102348,10/19/1900,EGMDH,CONFUSED,ON TASK
EGMDH-math_assistments-1-at_07:41:38-75,41145589,86069,10/19/1900,EGMDH,BORED,ON TASK
EGMDH-math_assistments-1-at_07:41:38-76,54169423,129192,10/19/1900,EGMDH,CONCENTRATING,ON TASK
EGMDH-math_assistments-1-at_07:41:38-78,89251618,102357,10/19/1900,EGMDH,FRUSTRATED,ON TASK
EGMDH-math_assistments-1-at_07:41:38-8,7184108,30459,10/19/1900,EGMDH,BORED,ON TASK
EGMDH-math_assistments-1-at_07:41:38-86,58898148,62612,10/19/1900,EGMDH,CONCENTRATING,ON TASK
EGMDH-math_assistments-1-at_07:41:38-92,42756199,88479,10/19/1900,EGMDH,CONCENTRATING,ON TASK
EGMDH-math_assistments-1-at_07:41:38-95,17472448,88062,10/19/1900,EGMDH,FRUSTRATED,ON TASK
EGMDH-math_assistments-1-at_07:41:38-98,41145589,88250,10/19/1900,EGMDH,BORED,OFF TASK
EGMDH-math_assistments-1-at_07:41:38-99,54169423,125704,10/19/1900,EGMDH,BORED,ON TASK
EGMDH-math_assistments-2-at_08:36:36-102,44115078,53701,10/15/1900,EGMDH,CONCENTRATING,ON TASK
EGMDH-math_assistments-2-at_08:36:36-105,52926352,89718,10/15/1900,EGMDH,BORED,OFF TASK
EGMDH-math_assistments-2-at_08:36:36-107,54043678,33942,10/15/1900,EGMDH,CONCENTRATING,ON TASK
EGMDH-math_assistments-2-at_08:36:36-110,95722481,56883,10/15/1900,EGMDH,CONFUSED,ON TASK
EGMDH-math_assistments-2-at_08:36:36-111,25748765,54602,10/15/1900,EGMDH,CONCENTRATING,ON TASK
EGMDH-math_assistments-2-at_08:36:36-112,66879642,89729,10/15/1900,EGMDH,CONCENTRATING,ON TASK
EGMDH-math_assistments-2-at_08:36:36-115,39555424,89716,10/15/1900,EGMDH,CONCENTRATING,ON TASK
EGMDH-math_assistments-2-at_08:36:36-119,44115078,53924,10/15/1900,EGMDH,CONCENTRATING,ON TASK
EGMDH-math_assistments-2-at_08:36:36-124,54043678,1136,10/15/1900,EGMDH,CONCENTRATING,ON TASK
EGMDH-math_assistments-2-at_08:36:36-126,24368688,48901,10/15/1900,EGMDH,CONCENTRATING,ON TASK
EGMDH-math_assistments-2-at_08:36:36-128,25748765,54277,10/15/1900,EGMDH,CONCENTRATING,ON TASK
EGMDH-math_assistments-2-at_08:36:36-129,66879642,54603,10/15/1900,EGMDH,CONCENTRATING,ON TASK
EGMDH-math_assistments-2-at_08:36:36-132,39555424,54506,10/15/1900,EGMDH,CONCENTRATING,ON TASK
EGMDH-math_assistments-2-at_08:36:36-134,20488934,56775,10/15/1900,EGMDH,CONCENTRATING,ON TASK
EGMDH-math_assistments-2-at_08:36:36-137,80665712,56745,10/15/1900,EGMDH,CONCENTRATING,ON TASK
EGMDH-math_assistments-2-at_08:36:36-142,74533541,56853,10/15/1900,EGMDH,FRUSTRATED,OFF TASK
EGMDH-math_assistments-2-at_08:36:36-145,25748765,53876,10/15/1900,EGMDH,CONCENTRATING,OFF TASK
EGMDH-math_assistments-2-at_08:36:36-149,39555424,53613,10/15/1900,EGMDH,CONCENTRATING,ON TASK
EGMDH-math_assistments-2-at_08:36:36-153,44115078,49008,10/15/1900,EGMDH,CONCENTRATING,ON TASK
EGMDH-math_assistments-2-at_08:36:36-156,52926352,53880,10/15/1900,EGMDH,CONCENTRATING,ON TASK
EGMDH-math_assistments-2-at_08:36:36-158,54043678,12375,10/15/1900,EGMDH,CONCENTRATING,ON TASK
EGMDH-math_assistments-2-at_08:36:36-161,95722481,125702,10/15/1900,EGMDH,CONCENTRATING,ON TASK
EGMDH-math_assistments-2-at_08:36:36-162,25748765,66866,10/15/1900,EGMDH,CONCENTRATING,ON TASK
EGMDH-math_assistments-2-at_08:36:36-163,66879642,66851,10/15/1900,EGMDH,CONCENTRATING,ON TASK
EGMDH-math_assistments-2-at_08:36:36-168,20488934,88468,10/15/1900,EGMDH,CONFUSED,ON TASK CONV
EGMDH-math_assistments-2-at_08:36:36-169,43456096,56787,10/15/1900,EGMDH,FRUSTRATED,OFF TASK
EGMDH-math_assistments-2-at_08:36:36-174,65166120,125715,10/15/1900,EGMDH,BORED,OFF TASK
EGMDH-math_assistments-2-at_08:36:36-175,54043678,30183,10/15/1900,EGMDH,CONCENTRATING,ON TASK
EGMDH-math_assistments-2-at_08:36:36-177,24368688,61101,10/15/1900,EGMDH,CONCENTRATING,ON TASK
EGMDH-math_assistments-2-at_08:36:36-178,95722481,86061,10/15/1900,EGMDH,CONFUSED,ON TASK
EGMDH-math_assistments-2-at_08:36:36-179,25748765,51198,10/15/1900,EGMDH,BORED,OFF TASK
EGMDH-math_assistments-2-at_08:36:36-183,39555424,56729,10/15/1900,EGMDH,FRUSTRATED,ON TASK
EGMDH-math_assistments-2-at_08:36:36-185,20488934,91580,10/15/1900,EGMDH,CONCENTRATING,ON TASK
EGMDH-math_assistments-2-at_08:36:36-186,43456096,56787,10/15/1900,EGMDH,BORED,OFF TASK
EGMDH-math_assistments-2-at_08:36:36-188,80665712,49002,10/15/1900,EGMDH,CONCENTRATING,ON TASK CONV
EGMDH-math_assistments-2-at_08:36:36-193,74533541,56855,10/15/1900,EGMDH,FRUSTRATED,ON TASK
EGMDH-math_assistments-2-at_08:36:36-194,24368688,125678,10/15/1900,EGMDH,BORED,OFF TASK
EGMDH-math_assistments-2-at_08:36:36-195,95722481,90984,10/15/1900,EGMDH,CONCENTRATING,ON TASK
EGMDH-math_assistments-2-at_08:36:36-196,25748765,84641,10/15/1900,EGMDH,CONCENTRATING,ON TASK CONV
EGMDH-math_assistments-2-at_08:36:36-197,66879642,54379,10/15/1900,EGMDH,CONCENTRATING,ON TASK
EGMDH-math_assistments-2-at_08:36:36-199,53769232,56718,10/15/1900,EGMDH,BORED,OFF TASK
EGMDH-math_assistments-2-at_08:36:36-200,39555424,56840,10/15/1900,EGMDH,FRUSTRATED,ON TASK
EGMDH-math_assistments-2-at_08:36:36-202,20488934,172897,10/15/1900,EGMDH,FRUSTRATED,ON TASK
EGMDH-math_assistments-2-at_08:36:36-203,43456096,56788,10/15/1900,EGMDH,BORED,OFF TASK
EGMDH-math_assistments-2-at_08:36:36-204,44115078,172838,10/15/1900,EGMDH,BORED,OFF TASK
EGMDH-math_assistments-2-at_08:36:36-207,52926352,51177,10/15/1900,EGMDH,CONCENTRATING,ON TASK
EGMDH-math_assistments-2-at_08:36:36-208,65166120,172906,10/15/1900,EGMDH,CONCENTRATING,ON TASK
EGMDH-math_assistments-2-at_08:36:36-209,54043678,53339,10/15/1900,EGMDH,CONCENTRATING,ON TASK
EGMDH-math_assistments-2-at_08:36:36-21,65166120,4902,10/15/1900,EGMDH,CONCENTRATING,ON TASK
EGMDH-math_assistments-2-at_08:36:36-212,95722481,85855,10/15/1900,EGMDH,CONCENTRATING,ON TASK
EGMDH-math_assistments-2-at_08:36:36-217,39555424,56861,10/15/1900,EGMDH,CONCENTRATING,ON TASK
EGMDH-math_assistments-2-at_08:36:36-219,20488934,172904,10/15/1900,EGMDH,FRUSTRATED,ON TASK
EGMDH-math_assistments-2-at_08:36:36-221,44115078,172851,10/15/1900,EGMDH,CONCENTRATING,ON TASK
EGMDH-math_assistments-2-at_08:36:36-222,80665712,49025,10/15/1900,EGMDH,CONCENTRATING,ON TASK
EGMDH-math_assistments-2-at_08:36:36-224,52926352,84616,10/15/1900,EGMDH,CONCENTRATING,ON TASK
EGMDH-math_assistments-2-at_08:36:36-225,65166120,172881,10/15/1900,EGMDH,CONCENTRATING,ON TASK
EGMDH-math_assistments-2-at_08:36:36-226,54043678,185446,10/15/1900,EGMDH,CONCENTRATING,ON TASK
EGMDH-math_assistments-2-at_08:36:36-227,74533541,48869,10/15/1900,EGMDH,BORED,OFF TASK
EGMDH-math_assistments-2-at_08:36:36-23,74533541,1650,10/15/1900,EGMDH,CONCENTRATING,ON TASK
EGMDH-math_assistments-2-at_08:36:36-231,66879642,56858,10/15/1900,EGMDH,BORED,ON TASK
EGMDH-math_assistments-2-at_08:36:36-232,38652506,61114,10/15/1900,EGMDH,CONCENTRATING,ON TASK
EGMDH-math_assistments-2-at_08:36:36-234,39555424,56849,10/15/1900,EGMDH,FRUSTRATED,ON TASK
EGMDH-math_assistments-2-at_08:36:36-237,43456096,56789,10/15/1900,EGMDH,BORED,OFF TASK
EGMDH-math_assistments-2-at_08:36:36-238,44115078,172892,10/15/1900,EGMDH,CONCENTRATING,ON TASK
EGMDH-math_assistments-2-at_08:36:36-24,24368688,30183,10/15/1900,EGMDH,CONCENTRATING,ON TASK
EGMDH-math_assistments-2-at_08:36:36-241,52926352,84592,10/15/1900,EGMDH,BORED,ON TASK
EGMDH-math_assistments-2-at_08:36:36-242,65166120,172873,10/15/1900,EGMDH,CONCENTRATING,ON TASK
EGMDH-math_assistments-2-at_08:36:36-243,54043678,53584,10/15/1900,EGMDH,CONCENTRATING,ON TASK
EGMDH-math_assistments-2-at_08:36:36-244,74533541,61116,10/15/1900,EGMDH,CONCENTRATING,ON TASK
EGMDH-math_assistments-2-at_08:36:36-245,24368688,172882,10/15/1900,EGMDH,CONCENTRATING,ON TASK
EGMDH-math_assistments-2-at_08:36:36-248,66879642,56828,10/15/1900,EGMDH,CONCENTRATING,GAMING
EGMDH-math_assistments-2-at_08:36:36-33,43456096,12375,10/15/1900,EGMDH,BORED,OFF TASK
EGMDH-math_assistments-2-at_08:36:36-35,80665712,4902,10/15/1900,EGMDH,BORED,ON TASK
EGMDH-math_assistments-2-at_08:36:36-41,24368688,30174,10/15/1900,EGMDH,CONCENTRATING,ON TASK
EGMDH-math_assistments-2-at_08:36:36-44,66879642,33666,10/15/1900,EGMDH,CONCENTRATING,ON TASK
EGMDH-math_assistments-2-at_08:36:36-45,38652506,56712,10/15/1900,EGMDH,FRUSTRATED,ON TASK
EGMDH-math_assistments-2-at_08:36:36-46,53769232,54602,10/15/1900,EGMDH,CONCENTRATING,ON TASK
EGMDH-math_assistments-2-at_08:36:36-47,39555424,9686,10/15/1900,EGMDH,CONCENTRATING,ON TASK
EGMDH-math_assistments-2-at_08:36:36-49,20488934,12375,10/15/1900,EGMDH,CONCENTRATING,ON TASK
EGMDH-math_assistments-2-at_08:36:36-50,43456096,1650,10/15/1900,EGMDH,FRUSTRATED,OFF TASK
EGMDH-math_assistments-2-at_08:36:36-52,80665712,30174,10/15/1900,EGMDH,CONCENTRATING,ON TASK
EGMDH-math_assistments-2-at_08:36:36-59,95722481,118232,10/15/1900,EGMDH,BORED,OFF TASK
EGMDH-math_assistments-2-at_08:36:36-63,53769232,53975,10/15/1900,EGMDH,CONCENTRATING,ON TASK
EGMDH-math_assistments-2-at_08:36:36-64,39555424,8132,10/15/1900,EGMDH,CONCENTRATING,ON TASK
EGMDH-math_assistments-2-at_08:36:36-67,43456096,66858,10/15/1900,EGMDH,CONCENTRATING,ON TASK
EGMDH-math_assistments-2-at_08:36:36-68,44115078,30174,10/15/1900,EGMDH,BORED,OFF TASK
EGMDH-math_assistments-2-at_08:36:36-71,52926352,30242,10/15/1900,EGMDH,CONCENTRATING,ON TASK
EGMDH-math_assistments-2-at_08:36:36-76,95722481,61099,10/15/1900,EGMDH,BORED,OFF TASK
EGMDH-math_assistments-2-at_08:36:36-78,66879642,30174,10/15/1900,EGMDH,CONCENTRATING,ON TASK CONV
EGMDH-math_assistments-2-at_08:36:36-8,95722481,1650,10/15/1900,EGMDH,CONCENTRATING,ON TASK
EGMDH-math_assistments-2-at_08:36:36-80,53769232,66798,10/15/1900,EGMDH,CONFUSED,ON TASK
EGMDH-math_assistments-2-at_08:36:36-81,39555424,12375,10/15/1900,EGMDH,CONCENTRATING,ON TASK
EGMDH-math_assistments-2-at_08:36:36-93,95722481,53969,10/15/1900,EGMDH,CONCENTRATING,ON TASK
EGMDH-math_assistments-2-at_08:36:36-94,25748765,89706,10/15/1900,EGMDH,CONCENTRATING,ON TASK
EGMDH-math_assistments-2-at_08:36:36-97,53769232,66799,10/15/1900,EGMDH,FRUSTRATED,ON TASK
EGMDH-math_assistments-4_5-at_10:43:00-11,72889816,30183,10/6/1900,EGMDH,CONCENTRATING,ON TASK
EGMDH-math_assistments-4_5-at_10:43:00-14,67419577,30244,10/6/1900,EGMDH,FRUSTRATED,ON TASK
EGMDH-math_assistments-4_5-at_10:43:00-16,5098274,185483,10/6/1900,EGMDH,CONCENTRATING,ON TASK
EGMDH-math_assistments-4_5-at_10:43:00-19,59037197,30342,10/6/1900,EGMDH,CONCENTRATING,ON TASK
EGMDH-math_assistments-4_5-at_10:43:00-20,40101613,66687,10/6/1900,EGMDH,CONCENTRATING,ON TASK
EGMDH-math_assistments-4_5-at_10:43:00-21,53839615,89745,10/6/1900,EGMDH,CONCENTRATING,ON TASK
EGMDH-math_assistments-4_5-at_10:43:00-22,56339105,2146,10/6/1900,EGMDH,CONCENTRATING,OFF TASK
EGMDH-math_assistments-4_5-at_10:43:00-25,48322290,33939,10/6/1900,EGMDH,BORED,OFF TASK
EGMDH-math_assistments-4_5-at_10:43:00-38,5098274,54397,10/6/1900,EGMDH,CONCENTRATING,ON TASK
EGMDH-math_assistments-4_5-at_10:43:00-39,91046252,185460,10/6/1900,EGMDH,BORED,OFF TASK
EGMDH-math_assistments-4_5-at_10:43:00-41,59037197,12375,10/6/1900,EGMDH,CONCENTRATING,ON TASK
EGMDH-math_assistments-4_5-at_10:43:00-42,40101613,54403,10/6/1900,EGMDH,CONCENTRATING,ON TASK
EGMDH-math_assistments-4_5-at_10:43:00-43,53839615,53898,10/6/1900,EGMDH,CONCENTRATING,OFF TASK
EGMDH-math_assistments-4_5-at_10:43:00-44,56339105,2289,10/6/1900,EGMDH,CONCENTRATING,OFF TASK
EGMDH-math_assistments-4_5-at_10:43:00-47,48322290,30174,10/6/1900,EGMDH,CONCENTRATING,ON TASK
EGMDH-math_assistments-4_5-at_10:43:00-5,42705111,30183,10/6/1900,EGMDH,CONCENTRATING,ON TASK
EGMDH-math_assistments-4_5-at_10:43:00-50,32182582,4899,10/6/1900,EGMDH,CONCENTRATING,ON TASK
EGMDH-math_assistments-4_5-at_10:43:00-51,10811319,1134,10/6/1900,EGMDH,BORED,ON TASK
EGMDH-math_assistments-4_5-at_10:43:00-52,69939637,12360,10/6/1900,EGMDH,CONCENTRATING,ON TASK
EGMDH-math_assistments-4_5-at_10:43:00-53,54609201,2148,10/6/1900,EGMDH,BORED,OFF TASK
EGMDH-math_assistments-4_5-at_10:43:00-60,5098274,66844,10/6/1900,EGMDH,BORED,ON TASK
EGMDH-math_assistments-4_5-at_10:43:00-61,91046252,89728,10/6/1900,EGMDH,BORED,OFF TASK
EGMDH-math_assistments-4_5-at_10:43:00-64,40101613,66853,10/6/1900,EGMDH,BORED,OFF TASK
EGMDH-math_assistments-4_5-at_10:43:00-66,56339105,2285,10/6/1900,EGMDH,BORED,OFF TASK
EGMDH-math_assistments-4_5-at_10:43:00-70,42705111,89730,10/6/1900,EGMDH,CONCENTRATING,ON TASK
EGMDH-math_assistments-4_5-at_10:43:00-71,32182582,4900,10/6/1900,EGMDH,CONCENTRATING,ON TASK
EGMDH-math_assistments-4_5-at_10:43:00-75,53839615,84996,10/6/1900,EGMDH,CONCENTRATING,ON TASK
EGMDH-math_assistments-4_5-at_10:43:00-76,56339105,2288,10/6/1900,EGMDH,BORED,OFF TASK
EGMDH-math_assistments-4_5-at_10:43:00-79,48322290,54286,10/6/1900,EGMDH,CONCENTRATING,ON TASK
EGMDH-math_assistments-4_5-at_10:43:00-8,69939637,1133,10/6/1900,EGMDH,CONCENTRATING,ON TASK
EGMDH-math_assistments-4_5-at_10:43:00-81,42705111,51159,10/6/1900,EGMDH,CONCENTRATING,ON TASK
EGMDH-math_assistments-4_5-at_10:43:00-84,69939637,4466,10/6/1900,EGMDH,CONCENTRATING,ON TASK
EGMDH-math_assistments-4_5-at_10:43:00-88,27652882,53705,10/6/1900,EGMDH,CONCENTRATING,ON TASK
EGMDH-math_assistments-4_5-at_10:43:00-89,11004962,53652,10/6/1900,EGMDH,CONCENTRATING,ON TASK CONV
EGMDH-math_assistments-4_5-at_10:43:00-9,54609201,115251,10/6/1900,EGMDH,FRUSTRATED,OFF TASK
EGMDH-math_assistments-4_5-at_10:43:00-92,5098274,79352,10/6/1900,EGMDH,BORED,GAMING
EGMDH-math_assistments-4-at_10:34:30-103,97274081,4053,10/19/1900,EGMDH,BORED,OFF TASK
EGMDH-math_assistments-4-at_10:34:30-104,64917483,54605,10/19/1900,EGMDH,CONCENTRATING,ON TASK
EGMDH-math_assistments-4-at_10:34:30-110,76684553,4467,10/19/1900,EGMDH,FRUSTRATED,OFF TASK
EGMDH-math_assistments-4-at_10:34:30-112,33794462,44274,10/19/1900,EGMDH,CONCENTRATING,ON TASK
EGMDH-math_assistments-4-at_10:34:30-113,25753406,30342,10/19/1900,EGMDH,CONCENTRATING,ON TASK
EGMDH-math_assistments-4-at_10:34:30-114,37782119,4055,10/19/1900,EGMDH,BORED,OFF TASK
EGMDH-math_assistments-4-at_10:34:30-117,13314239,133,10/19/1900,EGMDH,CONCENTRATING,ON TASK
EGMDH-math_assistments-4-at_10:34:30-119,47810863,30244,10/19/1900,EGMDH,CONCENTRATING,ON TASK
EGMDH-math_assistments-4-at_10:34:30-124,97274081,4053,10/19/1900,EGMDH,BORED,ON TASK
EGMDH-math_assistments-4-at_10:34:30-125,64917483,54400,10/19/1900,EGMDH,CONCENTRATING,ON TASK
EGMDH-math_assistments-4-at_10:34:30-129,42807829,192713,10/19/1900,EGMDH,FRUSTRATED,ON TASK
EGMDH-math_assistments-4-at_10:34:30-13,30954537,4055,10/19/1900,EGMDH,CONCENTRATING,ON TASK
EGMDH-math_assistments-4-at_10:34:30-131,76684553,30342,10/19/1900,EGMDH,CONCENTRATING,ON TASK CONV
EGMDH-math_assistments-4-at_10:34:30-136,80865057,184421,10/19/1900,EGMDH,CONCENTRATING,ON TASK
EGMDH-math_assistments-4-at_10:34:30-139,30954537,54244,10/19/1900,EGMDH,CONCENTRATING,ON TASK
EGMDH-math_assistments-4-at_10:34:30-14,47810863,33666,10/19/1900,EGMDH,BORED,OFF TASK
EGMDH-math_assistments-4-at_10:34:30-145,97274081,4054,10/19/1900,EGMDH,CONCENTRATING,ON TASK
EGMDH-math_assistments-4-at_10:34:30-146,64917483,51216,10/19/1900,EGMDH,CONCENTRATING,ON TASK
EGMDH-math_assistments-4-at_10:34:30-154,33794462,1644,10/19/1900,EGMDH,CONCENTRATING,ON TASK
EGMDH-math_assistments-4-at_10:34:30-155,25753406,1650,10/19/1900,EGMDH,CONFUSED,ON TASK
EGMDH-math_assistments-4-at_10:34:30-156,37782119,1043,10/19/1900,EGMDH,CONCENTRATING,GAMING
EGMDH-math_assistments-4-at_10:34:30-160,30954537,66815,10/19/1900,EGMDH,CONCENTRATING,ON TASK
EGMDH-math_assistments-4-at_10:34:30-161,47810863,4054,10/19/1900,EGMDH,BORED,ON TASK
EGMDH-math_assistments-4-at_10:34:30-163,364149,1134,10/19/1900,EGMDH,CONCENTRATING,ON TASK
EGMDH-math_assistments-4-at_10:34:30-167,64917483,91001,10/19/1900,EGMDH,CONFUSED,ON TASK
EGMDH-math_assistments-4-at_10:34:30-169,6925522,133,10/19/1900,EGMDH,CONCENTRATING,ON TASK
EGMDH-math_assistments-4-at_10:34:30-17,15435895,174,10/19/1900,EGMDH,FRUSTRATED,ON TASK
EGMDH-math_assistments-4-at_10:34:30-170,92694084,12359,10/19/1900,EGMDH,FRUSTRATED,GAMING
EGMDH-math_assistments-4-at_10:34:30-173,76684553,30183,10/19/1900,EGMDH,BORED,OFF TASK
EGMDH-math_assistments-4-at_10:34:30-176,25753406,9687,10/19/1900,EGMDH,BORED,GAMING
EGMDH-math_assistments-4-at_10:34:30-177,37782119,192713,10/19/1900,EGMDH,CONCENTRATING,ON TASK
EGMDH-math_assistments-4-at_10:34:30-180,13314239,72,10/19/1900,EGMDH,CONCENTRATING,ON TASK
EGMDH-math_assistments-4-at_10:34:30-182,47810863,639,10/19/1900,EGMDH,CONCENTRATING,ON TASK
EGMDH-math_assistments-4-at_10:34:30-184,364149,1134,10/19/1900,EGMDH,CONFUSED,OFF TASK
EGMDH-math_assistments-4-at_10:34:30-187,97274081,192712,10/19/1900,EGMDH,BORED,OFF TASK
EGMDH-math_assistments-4-at_10:34:30-188,64917483,85951,10/19/1900,EGMDH,CONCENTRATING,ON TASK
EGMDH-math_assistments-4-at_10:34:30-189,43161909,30342,10/19/1900,EGMDH,CONFUSED,ON TASK
EGMDH-math_assistments-4-at_10:34:30-19,97274081,30244,10/19/1900,EGMDH,CONCENTRATING,ON TASK
EGMDH-math_assistments-4-at_10:34:30-190,6925522,135,10/19/1900,EGMDH,BORED,OFF TASK
EGMDH-math_assistments-4-at_10:34:30-191,92694084,30174,10/19/1900,EGMDH,BORED,OFF TASK
EGMDH-math_assistments-4-at_10:34:30-193,90619764,184425,10/19/1900,EGMDH,CONCENTRATING,OFF TASK
EGMDH-math_assistments-4-at_10:34:30-197,25753406,30174,10/19/1900,EGMDH,CONCENTRATING,ON TASK
EGMDH-math_assistments-4-at_10:34:30-20,64917483,56798,10/19/1900,EGMDH,CONCENTRATING,ON TASK
EGMDH-math_assistments-4-at_10:34:30-202,30954537,56875,10/19/1900,EGMDH,CONCENTRATING,ON TASK
EGMDH-math_assistments-4-at_10:34:30-205,364149,1135,10/19/1900,EGMDH,CONCENTRATING,ON TASK
EGMDH-math_assistments-4-at_10:34:30-208,97274081,192712,10/19/1900,EGMDH,BORED,OFF TASK
EGMDH-math_assistments-4-at_10:34:30-209,64917483,172880,10/19/1900,EGMDH,FRUSTRATED,ON TASK
EGMDH-math_assistments-4-at_10:34:30-21,43161909,33674,10/19/1900,EGMDH,CONCENTRATING,ON TASK
EGMDH-math_assistments-4-at_10:34:30-215,76684553,33666,10/19/1900,EGMDH,BORED,OFF TASK
EGMDH-math_assistments-4-at_10:34:30-218,25753406,30244,10/19/1900,EGMDH,CONCENTRATING,ON TASK
EGMDH-math_assistments-4-at_10:34:30-229,97274081,192713,10/19/1900,EGMDH,BORED,OFF TASK
EGMDH-math_assistments-4-at_10:34:30-231,43161909,1136,10/19/1900,EGMDH,CONCENTRATING,ON TASK
EGMDH-math_assistments-4-at_10:34:30-247,364149,4466,10/19/1900,EGMDH,BORED,OFF TASK
EGMDH-math_assistments-4-at_10:34:30-26,76684553,74,10/19/1900,EGMDH,CONCENTRATING,ON TASK
EGMDH-math_assistments-4-at_10:34:30-28,33794462,9687,10/19/1900,EGMDH,CONCENTRATING,ON TASK
EGMDH-math_assistments-4-at_10:34:30-33,13314239,2263,10/19/1900,EGMDH,CONCENTRATING,ON TASK
EGMDH-math_assistments-4-at_10:34:30-34,30954537,44274,10/19/1900,EGMDH,CONCENTRATING,ON TASK
EGMDH-math_assistments-4-at_10:34:30-35,47810863,4902,10/19/1900,EGMDH,BORED,ON TASK
EGMDH-math_assistments-4-at_10:34:30-37,364149,134,10/19/1900,EGMDH,CONCENTRATING,ON TASK
EGMDH-math_assistments-4-at_10:34:30-38,15435895,173,10/19/1900,EGMDH,CONCENTRATING,ON TASK
EGMDH-math_assistments-4-at_10:34:30-4,90619764,4055,10/19/1900,EGMDH,CONCENTRATING,ON TASK
EGMDH-math_assistments-4-at_10:34:30-42,43161909,30242,10/19/1900,EGMDH,BORED,ON TASK
EGMDH-math_assistments-4-at_10:34:30-45,42807829,4902,10/19/1900,EGMDH,CONCENTRATING,ON TASK
EGMDH-math_assistments-4-at_10:34:30-47,76684553,1135,10/19/1900,EGMDH,CONCENTRATING,ON TASK
EGMDH-math_assistments-4-at_10:34:30-49,33794462,12375,10/19/1900,EGMDH,CONCENTRATING,ON TASK
EGMDH-math_assistments-4-at_10:34:30-5,76684553,221,10/19/1900,EGMDH,CONCENTRATING,ON TASK
EGMDH-math_assistments-4-at_10:34:30-51,37782119,4901,10/19/1900,EGMDH,BORED,GAMING
EGMDH-math_assistments-4-at_10:34:30-54,13314239,1149,10/19/1900,EGMDH,BORED,OFF TASK
EGMDH-math_assistments-4-at_10:34:30-55,30954537,53760,10/19/1900,EGMDH,CONCENTRATING,ON TASK
EGMDH-math_assistments-4-at_10:34:30-59,15435895,2289,10/19/1900,EGMDH,CONFUSED,ON TASK
EGMDH-math_assistments-4-at_10:34:30-6,8647669,192713,10/19/1900,EGMDH,CONCENTRATING,ON TASK
EGMDH-math_assistments-4-at_10:34:30-61,97274081,4055,10/19/1900,EGMDH,BORED,OFF TASK
EGMDH-math_assistments-4-at_10:34:30-63,43161909,9687,10/19/1900,EGMDH,CONCENTRATING,ON TASK
EGMDH-math_assistments-4-at_10:34:30-66,42807829,8132,10/19/1900,EGMDH,CONCENTRATING,ON TASK
EGMDH-math_assistments-4-at_10:34:30-70,33794462,1045,10/19/1900,EGMDH,CONCENTRATING,ON TASK
EGMDH-math_assistments-4-at_10:34:30-71,25753406,4464,10/19/1900,EGMDH,CONFUSED,ON TASK
EGMDH-math_assistments-4-at_10:34:30-75,13314239,1149,10/19/1900,EGMDH,BORED,OFF TASK
EGMDH-math_assistments-4-at_10:34:30-76,30954537,89728,10/19/1900,EGMDH,CONCENTRATING,ON TASK
EGMDH-math_assistments-4-at_10:34:30-77,47810863,9686,10/19/1900,EGMDH,CONCENTRATING,ON TASK
EGMDH-math_assistments-4-at_10:34:30-8,25753406,33942,10/19/1900,EGMDH,CONCENTRATING,ON TASK
EGMDH-math_assistments-4-at_10:34:30-83,64917483,56846,10/19/1900,EGMDH,CONCENTRATING,ON TASK
EGMDH-math_assistments-4-at_10:34:30-87,42807829,639,10/19/1900,EGMDH,CONFUSED,ON TASK
EGMDH-math_assistments-4-at_10:34:30-89,76684553,4465,10/19/1900,EGMDH,CONFUSED,ON TASK
EGMDH-math_assistments-4-at_10:34:30-9,37782119,1650,10/19/1900,EGMDH,CONFUSED,ON TASK
EGMDH-math_assistments-4-at_10:34:30-92,25753406,4466,10/19/1900,EGMDH,CONCENTRATING,ON TASK
EGMDH-math_assistments-4-at_10:34:30-96,13314239,1148,10/19/1900,EGMDH,CONCENTRATING,ON TASK
EGMDH-math_assistments-6-at_11:57:49-1,16882504,109963,10/6/1900,EGMDH,BORED,OFF TASK
EGMDH-math_assistments-6-at_11:57:49-106,1333405,84599,10/6/1900,EGMDH,CONCENTRATING,ON TASK
EGMDH-math_assistments-6-at_11:57:49-107,90868844,88423,10/6/1900,EGMDH,BORED,OFF TASK
EGMDH-math_assistments-6-at_11:57:49-109,16882504,33948,10/6/1900,EGMDH,BORED,OFF TASK
EGMDH-math_assistments-6-at_11:57:49-110,65039122,66825,10/6/1900,EGMDH,BORED,OFF TASK
EGMDH-math_assistments-6-at_11:57:49-111,42040638,110696,10/6/1900,EGMDH,BORED,ON TASK
EGMDH-math_assistments-6-at_11:57:49-113,23565221,51174,10/6/1900,EGMDH,CONCENTRATING,ON TASK
EGMDH-math_assistments-6-at_11:57:49-114,59083576,102348,10/6/1900,EGMDH,CONCENTRATING,GAMING
EGMDH-math_assistments-6-at_11:57:49-124,1333405,84980,10/6/1900,EGMDH,BORED,OFF TASK
EGMDH-math_assistments-6-at_11:57:49-125,90868844,88475,10/6/1900,EGMDH,BORED,OFF TASK
EGMDH-math_assistments-6-at_11:57:49-128,65039122,88470,10/6/1900,EGMDH,BORED,OFF TASK
EGMDH-math_assistments-6-at_11:57:49-129,42040638,110696,10/6/1900,EGMDH,CONFUSED,ON TASK
EGMDH-math_assistments-6-at_11:57:49-130,54281183,88078,10/6/1900,EGMDH,CONCENTRATING,ON TASK
EGMDH-math_assistments-6-at_11:57:49-134,67725009,66870,10/6/1900,EGMDH,FRUSTRATED,ON TASK
EGMDH-math_assistments-6-at_11:57:49-135,38155710,91475,10/6/1900,EGMDH,CONCENTRATING,ON TASK
EGMDH-math_assistments-6-at_11:57:49-140,56131015,66848,10/6/1900,EGMDH,CONCENTRATING,ON TASK
EGMDH-math_assistments-6-at_11:57:49-143,90868844,88492,10/6/1900,EGMDH,BORED,OFF TASK
EGMDH-math_assistments-6-at_11:57:49-146,65039122,66826,10/6/1900,EGMDH,CONCENTRATING,ON TASK
EGMDH-math_assistments-6-at_11:57:49-147,42040638,33772,10/6/1900,EGMDH,CONFUSED,ON TASK
EGMDH-math_assistments-6-at_11:57:49-148,54281183,61108,10/6/1900,EGMDH,CONCENTRATING,GAMING
EGMDH-math_assistments-6-at_11:57:49-150,59083576,33774,10/6/1900,EGMDH,FRUSTRATED,ON TASK
EGMDH-math_assistments-6-at_11:57:49-152,67725009,51216,10/6/1900,EGMDH,BORED,ON TASK
EGMDH-math_assistments-6-at_11:57:49-153,38155710,66856,10/6/1900,EGMDH,CONCENTRATING,ON TASK
EGMDH-math_assistments-6-at_11:57:49-158,56131015,66799,10/6/1900,EGMDH,BORED,ON TASK
EGMDH-math_assistments-6-at_11:57:49-161,90868844,190667,10/6/1900,EGMDH,BORED,OFF TASK
EGMDH-math_assistments-6-at_11:57:49-17,90868844,33774,10/6/1900,EGMDH,BORED,OFF TASK
EGMDH-math_assistments-6-at_11:57:49-2,65039122,33771,10/6/1900,EGMDH,BORED,OFF TASK
EGMDH-math_assistments-6-at_11:57:49-20,65039122,102338,10/6/1900,EGMDH,BORED,OFF TASK
EGMDH-math_assistments-6-at_11:57:49-24,59083576,102348,10/6/1900,EGMDH,BORED,ON TASK
EGMDH-math_assistments-6-at_11:57:49-32,56131015,102348,10/6/1900,EGMDH,CONCENTRATING,GAMING
EGMDH-math_assistments-6-at_11:57:49-4,54281183,102348,10/6/1900,EGMDH,CONCENTRATING,ON TASK
EGMDH-math_assistments-6-at_11:57:49-42,59083576,102348,10/6/1900,EGMDH,BORED,OFF TASK
EGMDH-math_assistments-6-at_11:57:49-45,38155710,102338,10/6/1900,EGMDH,CONCENTRATING,ON TASK
EGMDH-math_assistments-6-at_11:57:49-55,16882504,109966,10/6/1900,EGMDH,BORED,ON TASK
EGMDH-math_assistments-6-at_11:57:49-56,65039122,88482,10/6/1900,EGMDH,BORED,OFF TASK
EGMDH-math_assistments-6-at_11:57:49-57,42040638,102348,10/6/1900,EGMDH,BORED,OFF TASK
EGMDH-math_assistments-6-at_11:57:49-58,54281183,66797,10/6/1900,EGMDH,CONFUSED,ON TASK
EGMDH-math_assistments-6-at_11:57:49-60,59083576,102348,10/6/1900,EGMDH,CONCENTRATING,ON TASK
EGMDH-math_assistments-6-at_11:57:49-69,53719307,61106,10/6/1900,EGMDH,CONFUSED,ON TASK
EGMDH-math_assistments-6-at_11:57:49-70,1333405,109963,10/6/1900,EGMDH,CONCENTRATING,ON TASK
EGMDH-math_assistments-6-at_11:57:49-76,54281183,66794,10/6/1900,EGMDH,FRUSTRATED,ON TASK
EGMDH-math_assistments-6-at_11:57:49-88,1333405,61089,10/6/1900,EGMDH,BORED,OFF TASK
EGMDH-math_assistments-6-at_11:57:49-89,90868844,88423,10/6/1900,EGMDH,BORED,OFF TASK
EGMDH-math_assistments-6-at_11:57:49-9,38155710,110696,10/6/1900,EGMDH,BORED,OFF TASK
EGMDH-math_assistments-6-at_11:57:49-91,16882504,33947,10/6/1900,EGMDH,BORED,OFF TASK
EGMDH-math_assistments-6-at_11:57:49-92,65039122,66825,10/6/1900,EGMDH,BORED,OFF TASK
EGMDH-math_assistments-6-at_11:57:49-93,42040638,102348,10/6/1900,EGMDH,CONCENTRATING,ON TASK
EGMDH-math_assistments-6-at_11:57:49-96,59083576,102348,10/6/1900,EGMDH,BORED,OFF TASK
EGMDH-math_assistments-6-at_11:57:49-98,67725009,66477,10/6/1900,EGMDH,FRUSTRATED,OFF TASK
MFDTT-mathasst-1-at_07:44:06-101,12365925,221162,10/6/1900,MFDTT,CONCENTRATING,ON TASK
MFDTT-mathasst-1-at_07:44:06-102,30812772,221342,10/6/1900,MFDTT,BORED,OFF TASK
MFDTT-mathasst-1-at_07:44:06-107,67470497,110696,10/6/1900,MFDTT,CONCENTRATING,ON TASK
MFDTT-mathasst-1-at_07:44:06-108,47610182,221171,10/6/1900,MFDTT,CONCENTRATING,ON TASK
MFDTT-mathasst-1-at_07:44:06-11,60889008,221171,10/6/1900,MFDTT,CONCENTRATING,ON TASK
MFDTT-mathasst-1-at_07:44:06-111,20776366,221162,10/6/1900,MFDTT,BORED,OFF TASK
MFDTT-mathasst-1-at_07:44:06-114,82792282,109999,10/6/1900,MFDTT,CONCENTRATING,ON TASK
MFDTT-mathasst-1-at_07:44:06-115,83079695,221174,10/6/1900,MFDTT,BORED,OFF TASK
MFDTT-mathasst-1-at_07:44:06-121,65455927,12391,10/6/1900,MFDTT,CONCENTRATING,ON TASK
MFDTT-mathasst-1-at_07:44:06-122,12010651,221173,10/6/1900,MFDTT,BORED,OFF TASK
MFDTT-mathasst-1-at_07:44:06-127,68500606,221172,10/6/1900,MFDTT,CONFUSED,ON TASK
MFDTT-mathasst-1-at_07:44:06-128,12365925,221342,10/6/1900,MFDTT,BORED,OFF TASK
MFDTT-mathasst-1-at_07:44:06-129,30812772,221178,10/6/1900,MFDTT,BORED,ON TASK
MFDTT-mathasst-1-at_07:44:06-134,67470497,66356,10/6/1900,MFDTT,CONCENTRATING,ON TASK
MFDTT-mathasst-1-at_07:44:06-135,47610182,221160,10/6/1900,MFDTT,CONCENTRATING,ON TASK
MFDTT-mathasst-1-at_07:44:06-137,29478187,115350,10/6/1900,MFDTT,CONCENTRATING,ON TASK CONV
MFDTT-mathasst-1-at_07:44:06-138,20776366,115334,10/6/1900,MFDTT,CONCENTRATING,ON TASK CONV
MFDTT-mathasst-1-at_07:44:06-140,68956124,51198,10/6/1900,MFDTT,CONCENTRATING,OFF TASK
MFDTT-mathasst-1-at_07:44:06-142,83079695,221175,10/6/1900,MFDTT,CONCENTRATING,ON TASK
MFDTT-mathasst-1-at_07:44:06-143,60319294,221169,10/6/1900,MFDTT,CONCENTRATING,ON TASK
MFDTT-mathasst-1-at_07:44:06-145,57250443,109038,10/6/1900,MFDTT,CONCENTRATING,ON TASK
MFDTT-mathasst-1-at_07:44:06-146,60889008,115350,10/6/1900,MFDTT,CONCENTRATING,ON TASK
MFDTT-mathasst-1-at_07:44:06-147,32129581,221175,10/6/1900,MFDTT,CONCENTRATING,ON TASK
MFDTT-mathasst-1-at_07:44:06-149,12010651,221174,10/6/1900,MFDTT,BORED,OFF TASK
MFDTT-mathasst-1-at_07:44:06-15,61639997,221160,10/6/1900,MFDTT,CONCENTRATING,OFF TASK
MFDTT-mathasst-1-at_07:44:06-150,61639997,102330,10/6/1900,MFDTT,CONCENTRATING,ON TASK
MFDTT-mathasst-1-at_07:44:06-156,30812772,102350,10/6/1900,MFDTT,CONCENTRATING,ON TASK
MFDTT-mathasst-1-at_07:44:06-157,92068836,109038,10/6/1900,MFDTT,CONCENTRATING,ON TASK
MFDTT-mathasst-1-at_07:44:06-158,88757686,30460,10/6/1900,MFDTT,CONCENTRATING,ON TASK
MFDTT-mathasst-1-at_07:44:06-159,44260544,109038,10/6/1900,MFDTT,CONCENTRATING,ON TASK
MFDTT-mathasst-1-at_07:44:06-160,79739225,109037,10/6/1900,MFDTT,CONCENTRATING,ON TASK CONV
MFDTT-mathasst-1-at_07:44:06-22,92068836,221171,10/6/1900,MFDTT,CONCENTRATING,ON TASK
MFDTT-mathasst-1-at_07:44:06-23,88757686,221175,10/6/1900,MFDTT,CONCENTRATING,ON TASK
MFDTT-mathasst-1-at_07:44:06-24,44260544,221169,10/6/1900,MFDTT,CONCENTRATING,ON TASK
MFDTT-mathasst-1-at_07:44:06-26,67470497,221340,10/6/1900,MFDTT,CONCENTRATING,ON TASK
MFDTT-mathasst-1-at_07:44:06-29,29478187,221173,10/6/1900,MFDTT,CONCENTRATING,ON TASK
MFDTT-mathasst-1-at_07:44:06-3,20776366,221169,10/6/1900,MFDTT,BORED,OFF TASK
MFDTT-mathasst-1-at_07:44:06-30,20776366,221344,10/6/1900,MFDTT,CONCENTRATING,ON TASK
MFDTT-mathasst-1-at_07:44:06-32,68956124,221176,10/6/1900,MFDTT,CONCENTRATING,OFF TASK
MFDTT-mathasst-1-at_07:44:06-33,82792282,221179,10/6/1900,MFDTT,CONCENTRATING,ON TASK
MFDTT-mathasst-1-at_07:44:06-34,83079695,221160,10/6/1900,MFDTT,CONCENTRATING,ON TASK
MFDTT-mathasst-1-at_07:44:06-35,60319294,221341,10/6/1900,MFDTT,CONCENTRATING,ON TASK
MFDTT-mathasst-1-at_07:44:06-40,65455927,221177,10/6/1900,MFDTT,CONCENTRATING,ON TASK
MFDTT-mathasst-1-at_07:44:06-45,68405479,221344,10/6/1900,MFDTT,CONCENTRATING,ON TASK
MFDTT-mathasst-1-at_07:44:06-47,12365925,221160,10/6/1900,MFDTT,CONFUSED,ON TASK
MFDTT-mathasst-1-at_07:44:06-50,88757686,221176,10/6/1900,MFDTT,CONCENTRATING,ON TASK
MFDTT-mathasst-1-at_07:44:06-52,79739225,221170,10/6/1900,MFDTT,CONFUSED,ON TASK CONV
MFDTT-mathasst-1-at_07:44:06-53,67470497,221341,10/6/1900,MFDTT,CONCENTRATING,ON TASK
MFDTT-mathasst-1-at_07:44:06-57,20776366,221170,10/6/1900,MFDTT,CONCENTRATING,ON TASK
MFDTT-mathasst-1-at_07:44:06-59,68956124,221179,10/6/1900,MFDTT,FRUSTRATED,ON TASK
MFDTT-mathasst-1-at_07:44:06-6,82792282,221169,10/6/1900,MFDTT,BORED,OFF TASK
MFDTT-mathasst-1-at_07:44:06-72,68405479,221342,10/6/1900,MFDTT,CONCENTRATING,ON TASK
MFDTT-mathasst-1-at_07:44:06-75,30812772,221173,10/6/1900,MFDTT,BORED,OFF TASK
MFDTT-mathasst-1-at_07:44:06-77,88757686,221170,10/6/1900,MFDTT,BORED,OFF TASK
MFDTT-mathasst-1-at_07:44:06-83,29478187,221175,10/6/1900,MFDTT,CONCENTRATING,ON TASK
MFDTT-mathasst-1-at_07:44:06-87,82792282,221168,10/6/1900,MFDTT,CONFUSED,ON TASK
MFDTT-mathasst-1-at_07:44:06-9,95865001,221168,10/6/1900,MFDTT,CONCENTRATING,ON TASK
MFDTT-mathasst-1-at_07:44:06-91,57250443,221167,10/6/1900,MFDTT,CONCENTRATING,ON TASK
MFDTT-mathasst-1-at_07:44:06-92,60889008,221179,10/6/1900,MFDTT,CONCENTRATING,ON TASK
MFDTT-mathasst-1-at_07:44:06-93,32129581,221178,10/6/1900,MFDTT,CONCENTRATING,ON TASK
MFDTT-mathasst-1-at_07:44:06-94,65455927,221341,10/6/1900,MFDTT,CONCENTRATING,ON TASK
MFDTT-mathasst-1-at_07:44:06-99,68405479,221176,10/6/1900,MFDTT,CONCENTRATING,ON TASK
MFDTT-mathasst-2-at_08:37:46-102,40154422,221606,10/6/1900,MFDTT,CONCENTRATING,ON TASK
MFDTT-mathasst-2-at_08:37:46-106,18765912,223,10/6/1900,MFDTT,CONCENTRATING,ON TASK
MFDTT-mathasst-2-at_08:37:46-107,79372806,221667,10/6/1900,MFDTT,CONCENTRATING,ON TASK
MFDTT-mathasst-2-at_08:37:46-108,56820284,221684,10/6/1900,MFDTT,CONCENTRATING,ON TASK
MFDTT-mathasst-2-at_08:37:46-109,70837287,30183,10/6/1900,MFDTT,CONCENTRATING,ON TASK
MFDTT-mathasst-2-at_08:37:46-111,74021243,221606,10/6/1900,MFDTT,CONCENTRATING,ON TASK
MFDTT-mathasst-2-at_08:37:46-113,86187549,1650,10/6/1900,MFDTT,CONFUSED,ON TASK
MFDTT-mathasst-2-at_08:37:46-115,46284324,2149,10/6/1900,MFDTT,CONFUSED,ON TASK
MFDTT-mathasst-2-at_08:37:46-118,14549670,221645,10/6/1900,MFDTT,BORED,OFF TASK
MFDTT-mathasst-2-at_08:37:46-119,16368788,33666,10/6/1900,MFDTT,FRUSTRATED,ON TASK
MFDTT-mathasst-2-at_08:37:46-126,14280838,4902,10/6/1900,MFDTT,CONCENTRATING,ON TASK
MFDTT-mathasst-2-at_08:37:46-14,14280838,221694,10/6/1900,MFDTT,CONCENTRATING,ON TASK
MFDTT-mathasst-2-at_08:37:46-142,32013875,221667,10/6/1900,MFDTT,BORED,OFF TASK
MFDTT-mathasst-2-at_08:37:46-148,80117941,33666,10/6/1900,MFDTT,BORED,OFF TASK
MFDTT-mathasst-2-at_08:37:46-151,62546677,12375,10/6/1900,MFDTT,CONCENTRATING,ON TASK
MFDTT-mathasst-2-at_08:37:46-21,41084639,221687,10/6/1900,MFDTT,CONFUSED,ON TASK
MFDTT-mathasst-2-at_08:37:46-22,18765912,72,10/6/1900,MFDTT,BORED,OFF TASK
MFDTT-mathasst-2-at_08:37:46-29,86187549,221694,10/6/1900,MFDTT,CONFUSED,ON TASK
MFDTT-mathasst-2-at_08:37:46-31,46284324,221641,10/6/1900,MFDTT,BORED,ON TASK
MFDTT-mathasst-2-at_08:37:46-32,91415203,221641,10/6/1900,MFDTT,CONCENTRATING,ON TASK
MFDTT-mathasst-2-at_08:37:46-35,16368788,221684,10/6/1900,MFDTT,CONFUSED,ON TASK
MFDTT-mathasst-2-at_08:37:46-36,80117941,221624,10/6/1900,MFDTT,CONCENTRATING,ON TASK
MFDTT-mathasst-2-at_08:37:46-39,62546677,221621,10/6/1900,MFDTT,CONFUSED,ON TASK
MFDTT-mathasst-2-at_08:37:46-50,18765912,1148,10/6/1900,MFDTT,CONCENTRATING,ON TASK
MFDTT-mathasst-2-at_08:37:46-51,79372806,221678,10/6/1900,MFDTT,CONCENTRATING,ON TASK
MFDTT-mathasst-2-at_08:37:46-53,70837287,221687,10/6/1900,MFDTT,CONCENTRATING,ON TASK
MFDTT-mathasst-2-at_08:37:46-57,86187549,221675,10/6/1900,MFDTT,CONCENTRATING,ON TASK
MFDTT-mathasst-2-at_08:37:46-6,14549670,221613,10/6/1900,MFDTT,BORED,OFF TASK
MFDTT-mathasst-2-at_08:37:46-63,16368788,221667,10/6/1900,MFDTT,BORED,OFF TASK
MFDTT-mathasst-2-at_08:37:46-65,6248424,221630,10/6/1900,MFDTT,CONCENTRATING,ON TASK
MFDTT-mathasst-2-at_08:37:46-67,62546677,221700,10/6/1900,MFDTT,CONCENTRATING,ON TASK
MFDTT-mathasst-2-at_08:37:46-68,9311493,221624,10/6/1900,MFDTT,BORED,OFF TASK
MFDTT-mathasst-2-at_08:37:46-69,22595924,221694,10/6/1900,MFDTT,CONCENTRATING,ON TASK CONV
MFDTT-mathasst-2-at_08:37:46-7,16368788,221649,10/6/1900,MFDTT,BORED,OFF TASK
MFDTT-mathasst-2-at_08:37:46-78,18765912,136,10/6/1900,MFDTT,BORED,OFF TASK
MFDTT-mathasst-2-at_08:37:46-79,79372806,221671,10/6/1900,MFDTT,CONCENTRATING,ON TASK CONV
MFDTT-mathasst-2-at_08:37:46-81,70837287,221700,10/6/1900,MFDTT,CONCENTRATING,ON TASK
MFDTT-mathasst-2-at_08:37:46-82,92314506,221690,10/6/1900,MFDTT,CONCENTRATING,ON TASK
MFDTT-mathasst-2-at_08:37:46-83,74021243,221663,10/6/1900,MFDTT,CONCENTRATING,ON TASK
MFDTT-mathasst-2-at_08:37:46-85,86187549,221624,10/6/1900,MFDTT,CONCENTRATING,ON TASK
MFDTT-mathasst-2-at_08:37:46-86,32013875,221613,10/6/1900,MFDTT,BORED,ON TASK
MFDTT-mathasst-2-at_08:37:46-87,46284324,221687,10/6/1900,MFDTT,CONCENTRATING,ON TASK
MFDTT-mathasst-2-at_08:37:46-88,91415203,221357,10/6/1900,MFDTT,CONCENTRATING,ON TASK
MFDTT-mathasst-2-at_08:37:46-90,14549670,221694,10/6/1900,MFDTT,BORED,OFF TASK
MFDTT-mathasst-2-at_08:37:46-91,16368788,221700,10/6/1900,MFDTT,CONCENTRATING,ON TASK
MFDTT-mathasst-2-at_08:37:46-93,6248424,221700,10/6/1900,MFDTT,CONCENTRATING,ON TASK
MFDTT-mathasst-2-at_08:37:46-96,9311493,221621,10/6/1900,MFDTT,FRUSTRATED,ON TASK
MFDTT-mathasst-45-at_10:42:59-101,11004962,53761,10/6/1900,MFDTT,CONCENTRATING,ON TASK
MFDTT-mathasst-45-at_10:42:59-25,48322290,4902,10/6/1900,MFDTT,CONCENTRATING,OFF TASK
MFDTT-mathasst-45-at_10:42:59-39,91046252,185444,10/6/1900,MFDTT,BORED,OFF TASK
MFDTT-mathasst-45-at_10:42:59-43,53839615,53898,10/6/1900,MFDTT,CONCENTRATING,OFF TASK
MFDTT-mathasst-45-at_10:42:59-44,56339105,2285,10/6/1900,MFDTT,CONCENTRATING,OFF TASK
MFDTT-mathasst-45-at_10:42:59-53,54609201,39032,10/6/1900,MFDTT,CONCENTRATING,OFF TASK
MFDTT-mathasst-45-at_10:42:59-61,91046252,89726,10/6/1900,MFDTT,BORED,OFF TASK
MFDTT-mathasst-45-at_10:42:59-64,40101613,66853,10/6/1900,MFDTT,BORED,OFF TASK
MFDTT-mathasst-45-at_10:42:59-66,56339105,2285,10/6/1900,MFDTT,BORED,OFF TASK
MFDTT-mathasst-45-at_10:42:59-69,48322290,54334,10/6/1900,MFDTT,BORED,OFF TASK
MFDTT-mathasst-45-at_10:42:59-71,42705111,54411,10/6/1900,MFDTT,BORED,OFF TASK
MFDTT-mathasst-45-at_10:42:59-72,32182582,89737,10/6/1900,MFDTT,CONFUSED,ON TASK
MFDTT-mathasst-45-at_10:42:59-73,10811319,30183,10/6/1900,MFDTT,CONCENTRATING,ON TASK
MFDTT-mathasst-45-at_10:42:59-75,54609201,174,10/6/1900,MFDTT,CONCENTRATING,ON TASK
MFDTT-mathasst-45-at_10:42:59-83,91046252,54378,10/6/1900,MFDTT,CONCENTRATING,ON TASK
MFDTT-mathasst-45-at_10:42:59-85,59037197,53275,10/6/1900,MFDTT,CONCENTRATING,ON TASK CONV
MFDTT-mathasst-45-at_10:42:59-91,48322290,54589,10/6/1900,MFDTT,BORED,ON TASK
MFDTT-mathasst-45-at_10:42:59-93,42705111,66854,10/6/1900,MFDTT,CONCENTRATING,ON TASK
MFDTT-mathasst-45-at_10:42:59-94,32182582,54512,10/6/1900,MFDTT,CONCENTRATING,ON TASK
MFDTT-mathasst-45-at_10:39:23-1,31831141,2288,10/15/1900,MFDTT,CONCENTRATING,OFF TASK
MFDTT-mathasst-45-at_10:39:23-10,8679226,12375,10/15/1900,MFDTT,CONCENTRATING,ON TASK
MFDTT-mathasst-45-at_10:39:23-101,240753,53324,10/15/1900,MFDTT,BORED,OFF TASK
MFDTT-mathasst-45-at_10:39:23-102,92851460,4464,10/15/1900,MFDTT,CONFUSED,ON TASK
MFDTT-mathasst-45-at_10:39:23-103,86630265,54355,10/15/1900,MFDTT,BORED,OFF TASK
MFDTT-mathasst-45-at_10:39:23-107,92764281,30244,10/15/1900,MFDTT,CONFUSED,ON TASK
MFDTT-mathasst-45-at_10:39:23-11,240753,30342,10/15/1900,MFDTT,CONFUSED,ON TASK
MFDTT-mathasst-45-at_10:39:23-110,1158107,56862,10/15/1900,MFDTT,CONCENTRATING,OFF TASK
MFDTT-mathasst-45-at_10:39:23-114,46305980,89661,10/15/1900,MFDTT,BORED,OFF TASK
MFDTT-mathasst-45-at_10:39:23-115,24775106,4899,10/15/1900,MFDTT,FRUSTRATED,ON TASK
MFDTT-mathasst-45-at_10:39:23-116,41372828,2264,10/15/1900,MFDTT,BORED,OFF TASK
MFDTT-mathasst-45-at_10:39:23-12,92851460,39032,10/15/1900,MFDTT,CONCENTRATING,ON TASK
MFDTT-mathasst-45-at_10:39:23-124,6970183,9686,10/15/1900,MFDTT,CONFUSED,ON TASK
MFDTT-mathasst-45-at_10:39:23-125,89074264,49023,10/15/1900,MFDTT,CONCENTRATING,ON TASK
MFDTT-mathasst-45-at_10:39:23-126,18606338,9687,10/15/1900,MFDTT,CONCENTRATING,ON TASK
MFDTT-mathasst-45-at_10:39:23-127,54874997,1650,10/15/1900,MFDTT,CONCENTRATING,ON TASK
MFDTT-mathasst-45-at_10:39:23-135,4161348,89667,10/15/1900,MFDTT,BORED,ON TASK
MFDTT-mathasst-45-at_10:39:23-136,69568415,9687,10/15/1900,MFDTT,BORED,OFF TASK
MFDTT-mathasst-45-at_10:39:23-137,92764281,89750,10/15/1900,MFDTT,FRUSTRATED,ON TASK
MFDTT-mathasst-45-at_10:39:23-139,70960235,53842,10/15/1900,MFDTT,CONCENTRATING,ON TASK
MFDTT-mathasst-45-at_10:39:23-144,46305980,54352,10/15/1900,MFDTT,BORED,OFF TASK
MFDTT-mathasst-45-at_10:39:23-151,31831141,4468,10/15/1900,MFDTT,BORED,OFF TASK
MFDTT-mathasst-45-at_10:39:23-16,69568415,1149,10/15/1900,MFDTT,CONCENTRATING,ON TASK
MFDTT-mathasst-45-at_10:39:23-17,92764281,4465,10/15/1900,MFDTT,CONCENTRATING,ON TASK
MFDTT-mathasst-45-at_10:39:23-18,73394385,30183,10/15/1900,MFDTT,CONCENTRATING,ON TASK
MFDTT-mathasst-45-at_10:39:23-19,70960235,30174,10/15/1900,MFDTT,CONCENTRATING,ON TASK
MFDTT-mathasst-45-at_10:39:23-2,60991150,4468,10/15/1900,MFDTT,BORED,OFF TASK
MFDTT-mathasst-45-at_10:39:23-20,1158107,33674,10/15/1900,MFDTT,CONCENTRATING,ON TASK
MFDTT-mathasst-45-at_10:39:23-29,59010018,1136,10/15/1900,MFDTT,CONCENTRATING,OFF TASK
MFDTT-mathasst-45-at_10:39:23-30,36075515,41226,10/15/1900,MFDTT,CONFUSED,ON TASK
MFDTT-mathasst-45-at_10:39:23-32,60991150,33939,10/15/1900,MFDTT,CONCENTRATING,OFF TASK
MFDTT-mathasst-45-at_10:39:23-35,89074264,92449,10/15/1900,MFDTT,BORED,OFF TASK
MFDTT-mathasst-45-at_10:39:23-41,240753,1135,10/15/1900,MFDTT,BORED,OFF TASK
MFDTT-mathasst-45-at_10:39:23-42,92851460,136,10/15/1900,MFDTT,CONCENTRATING,ON TASK
MFDTT-mathasst-45-at_10:39:23-45,4161348,1135,10/15/1900,MFDTT,CONCENTRATING,ON TASK
MFDTT-mathasst-45-at_10:39:23-47,92764281,33940,10/15/1900,MFDTT,CONCENTRATING,ON TASK
MFDTT-mathasst-45-at_10:39:23-49,70960235,9686,10/15/1900,MFDTT,CONCENTRATING,ON TASK
MFDTT-mathasst-45-at_10:39:23-5,89074264,9687,10/15/1900,MFDTT,CONCENTRATING,ON TASK CONV
MFDTT-mathasst-45-at_10:39:23-52,27179278,86048,10/15/1900,MFDTT,CONFUSED,ON TASK CONV
MFDTT-mathasst-45-at_10:39:23-57,81378861,135,10/15/1900,MFDTT,CONCENTRATING,ON TASK
MFDTT-mathasst-45-at_10:39:23-6,18606338,66284,10/15/1900,MFDTT,CONFUSED,ON TASK
MFDTT-mathasst-45-at_10:39:23-61,31831141,74,10/15/1900,MFDTT,CONCENTRATING,ON TASK
MFDTT-mathasst-45-at_10:39:23-62,60991150,30183,10/15/1900,MFDTT,BORED,OFF TASK
MFDTT-mathasst-45-at_10:39:23-66,18606338,135,10/15/1900,MFDTT,CONCENTRATING,ON TASK
MFDTT-mathasst-45-at_10:39:23-67,54874997,33939,10/15/1900,MFDTT,CONCENTRATING,ON TASK
MFDTT-mathasst-45-at_10:39:23-69,47264385,30183,10/15/1900,MFDTT,CONCENTRATING,ON TASK
MFDTT-mathasst-45-at_10:39:23-7,54874997,135,10/15/1900,MFDTT,CONCENTRATING,ON TASK
MFDTT-mathasst-45-at_10:39:23-73,86630265,84891,10/15/1900,MFDTT,BORED,OFF TASK
MFDTT-mathasst-45-at_10:39:23-76,69568415,1135,10/15/1900,MFDTT,CONCENTRATING,ON TASK
MFDTT-mathasst-45-at_10:39:23-78,73394385,56788,10/15/1900,MFDTT,CONCENTRATING,ON TASK
MFDTT-mathasst-45-at_10:39:23-80,1158107,54382,10/15/1900,MFDTT,BORED,ON TASK
MFDTT-mathasst-45-at_10:39:23-81,74530630,56788,10/15/1900,MFDTT,CONFUSED,ON TASK
MFDTT-mathasst-45-at_10:39:23-84,46305980,4902,10/15/1900,MFDTT,CONCENTRATING,ON TASK
MFDTT-mathasst-45-at_10:39:23-85,24775106,30183,10/15/1900,MFDTT,CONCENTRATING,ON TASK
MFDTT-mathasst-45-at_10:39:23-88,49152745,66829,10/15/1900,MFDTT,CONCENTRATING,ON TASK
MFDTT-mathasst-45-at_10:39:23-91,31831141,223,10/15/1900,MFDTT,CONCENTRATING,OFF TASK
MFDTT-mathasst-45-at_10:39:23-92,60991150,1650,10/15/1900,MFDTT,BORED,OFF TASK
MFDTT-mathasst-45-at_10:39:23-94,6970183,4900,10/15/1900,MFDTT,CONFUSED,ON TASK
MFDTT-mathasst-45-at_10:39:23-95,89074264,56807,10/15/1900,MFDTT,BORED,ON TASK
MFDTT-mathasst-45-at_10:39:23-96,18606338,30342,10/15/1900,MFDTT,CONCENTRATING,ON TASK
MFDTT-mathasst-45-at_10:39:23-97,54874997,30342,10/15/1900,MFDTT,BORED,OFF TASK
MFDTT-mathasst-45-at_10:39:23-99,47264385,89716,10/15/1900,MFDTT,CONCENTRATING,ON TASK
MFDTT-mathasst-78-at_11:57:20-107,90868844,88423,10/6/1900,MFDTT,BORED,OFF TASK
MFDTT-mathasst-78-at_11:57:20-109,16882504,33948,10/6/1900,MFDTT,BORED,OFF TASK
MFDTT-mathasst-78-at_11:57:20-110,65039122,88486,10/6/1900,MFDTT,BORED,OFF TASK
MFDTT-mathasst-78-at_11:57:20-111,42040638,110696,10/6/1900,MFDTT,BORED,OFF TASK
MFDTT-mathasst-78-at_11:57:20-112,54281183,51186,10/6/1900,MFDTT,CONCENTRATING,ON TASK
MFDTT-mathasst-78-at_11:57:20-113,23565221,66856,10/6/1900,MFDTT,CONCENTRATING,ON TASK
MFDTT-mathasst-78-at_11:57:20-114,59083576,102348,10/6/1900,MFDTT,FRUSTRATED,OFF TASK
MFDTT-mathasst-78-at_11:57:20-119,53731241,66835,10/6/1900,MFDTT,FRUSTRATED,OFF TASK
MFDTT-mathasst-78-at_11:57:20-124,1333405,85062,10/6/1900,MFDTT,CONCENTRATING,ON TASK
MFDTT-mathasst-78-at_11:57:20-125,90868844,88492,10/6/1900,MFDTT,CONCENTRATING,OFF TASK
MFDTT-mathasst-78-at_11:57:20-127,16882504,33948,10/6/1900,MFDTT,FRUSTRATED,ON TASK
MFDTT-mathasst-78-at_11:57:20-128,65039122,88466,10/6/1900,MFDTT,BORED,OFF TASK
MFDTT-mathasst-78-at_11:57:20-129,42040638,102338,10/6/1900,MFDTT,CONCENTRATING,ON TASK
MFDTT-mathasst-78-at_11:57:20-133,10475355,66860,10/6/1900,MFDTT,CONFUSED,ON TASK
MFDTT-mathasst-78-at_11:57:20-134,67725009,66872,10/6/1900,MFDTT,CONFUSED,ON TASK
MFDTT-mathasst-78-at_11:57:20-135,38155710,91471,10/6/1900,MFDTT,CONCENTRATING,ON TASK
MFDTT-mathasst-78-at_11:57:20-137,53731241,66835,10/6/1900,MFDTT,CONFUSED,ON TASK
MFDTT-mathasst-78-at_11:57:20-140,56131015,66848,10/6/1900,MFDTT,FRUSTRATED,ON TASK
MFDTT-mathasst-78-at_11:57:20-144,36088485,88477,10/6/1900,MFDTT,CONCENTRATING,ON TASK
MFDTT-mathasst-78-at_11:57:20-147,42040638,33774,10/6/1900,MFDTT,CONCENTRATING,GAMING
MFDTT-mathasst-78-at_11:57:20-148,54281183,61112,10/6/1900,MFDTT,BORED,ON TASK
MFDTT-mathasst-78-at_11:57:20-150,59083576,33774,10/6/1900,MFDTT,CONCENTRATING,ON TASK
MFDTT-mathasst-78-at_11:57:20-151,10475355,187273,10/6/1900,MFDTT,CONFUSED,?
MFDTT-mathasst-78-at_11:57:20-153,38155710,66804,10/6/1900,MFDTT,CONFUSED,ON TASK
MFDTT-mathasst-78-at_11:57:20-155,53731241,51213,10/6/1900,MFDTT,FRUSTRATED,ON TASK
MFDTT-mathasst-78-at_11:57:20-156,23380389,61114,10/6/1900,MFDTT,CONCENTRATING,ON TASK
MFDTT-mathasst-78-at_11:57:20-158,56131015,66867,10/6/1900,MFDTT,BORED,OFF TASK
MFDTT-mathasst-78-at_11:57:20-162,36088485,190794,10/6/1900,MFDTT,CONCENTRATING,ON TASK CONV
MFDTT-mathasst-78-at_11:57:20-17,90868844,109963,10/6/1900,MFDTT,BORED,GAMING
MFDTT-mathasst-78-at_11:57:20-19,16882504,110696,10/6/1900,MFDTT,BORED,OFF TASK
MFDTT-mathasst-78-at_11:57:20-21,42040638,12391,10/6/1900,MFDTT,CONCENTRATING,ON TASK
MFDTT-mathasst-78-at_11:57:20-23,23565221,88023,10/6/1900,MFDTT,CONCENTRATING,ON TASK
MFDTT-mathasst-78-at_11:57:20-30,23380389,110696,10/6/1900,MFDTT,BORED,OFF TASK
MFDTT-mathasst-78-at_11:57:20-39,42040638,109999,10/6/1900,MFDTT,BORED,ON TASK
MFDTT-mathasst-78-at_11:57:20-4,54281183,102338,10/6/1900,MFDTT,CONCENTRATING,OFF TASK
MFDTT-mathasst-78-at_11:57:20-40,54281183,66796,10/6/1900,MFDTT,CONCENTRATING,OFF TASK
MFDTT-mathasst-78-at_11:57:20-48,23380389,33774,10/6/1900,MFDTT,FRUSTRATED,ON TASK
MFDTT-mathasst-78-at_11:57:20-52,1333405,102338,10/6/1900,MFDTT,CONCENTRATING,ON TASK
MFDTT-mathasst-78-at_11:57:20-56,65039122,88482,10/6/1900,MFDTT,FRUSTRATED,OFF TASK
MFDTT-mathasst-78-at_11:57:20-58,54281183,51159,10/6/1900,MFDTT,CONCENTRATING,ON TASK
MFDTT-mathasst-78-at_11:57:20-59,23565221,87984,10/6/1900,MFDTT,BORED,OFF TASK
MFDTT-mathasst-78-at_11:57:20-60,59083576,102348,10/6/1900,MFDTT,CONCENTRATING,OFF TASK
MFDTT-mathasst-78-at_11:57:20-61,10475355,53264,10/6/1900,MFDTT,CONCENTRATING,OFF TASK
MFDTT-mathasst-78-at_11:57:20-63,38155710,88205,10/6/1900,MFDTT,CONCENTRATING,OFF TASK
MFDTT-mathasst-78-at_11:57:20-66,23380389,109963,10/6/1900,MFDTT,CONCENTRATING,ON TASK
MFDTT-mathasst-78-at_11:57:20-71,90868844,88423,10/6/1900,MFDTT,BORED,OFF TASK
MFDTT-mathasst-78-at_11:57:20-72,36088485,51210,10/6/1900,MFDTT,FRUSTRATED,ON TASK
MFDTT-mathasst-78-at_11:57:20-74,65039122,88482,10/6/1900,MFDTT,FRUSTRATED,ON TASK
MFDTT-mathasst-78-at_11:57:20-75,42040638,102348,10/6/1900,MFDTT,CONCENTRATING,ON TASK
MFDTT-mathasst-78-at_11:57:20-76,54281183,66790,10/6/1900,MFDTT,CONCENTRATING,ON TASK
MFDTT-mathasst-78-at_11:57:20-78,59083576,102348,10/6/1900,MFDTT,BORED,OFF TASK
MFDTT-mathasst-78-at_11:57:20-79,10475355,129151,10/6/1900,MFDTT,CONCENTRATING,ON TASK
MFDTT-mathasst-78-at_11:57:20-88,1333405,61089,10/6/1900,MFDTT,CONFUSED,?
MFDTT-mathasst-78-at_11:57:20-9,38155710,110696,10/6/1900,MFDTT,CONFUSED,ON TASK
MFDTT-mathasst-78-at_11:57:20-90,36088485,66804,10/6/1900,MFDTT,CONCENTRATING,ON TASK
MFDTT-mathasst-78-at_11:57:20-91,16882504,33948,10/6/1900,MFDTT,BORED,OFF TASK
MFDTT-mathasst-78-at_11:57:20-92,65039122,66826,10/6/1900,MFDTT,BORED,OFF TASK
MFDTT-mathasst-78-at_11:57:20-94,54281183,51201,10/6/1900,MFDTT,CONCENTRATING,ON TASK
MFDTT-mathasst-78-at_11:57:20-95,23565221,88083,10/6/1900,MFDTT,CONCENTRATING,ON TASK
MFDTT-mathasst-78-at_11:57:20-96,59083576,102348,10/6/1900,MFDTT,FRUSTRATED,ON TASK
MFDTT-mathasst-78-at_11:57:20-97,10475355,187195,10/6/1900,MFDTT,CONCENTRATING,ON TASK
MFDTT-mathasst-78-at_11:57:20-99,38155710,88405,10/6/1900,MFDTT,CONCENTRATING,ON TASK
MFDTT-mathasst-78-at_11:59:39-10,13203567,108873,10/15/1900,MFDTT,BORED,OFF TASK
MFDTT-mathasst-78-at_11:59:39-100,79426664,66863,10/15/1900,MFDTT,BORED,OFF TASK
MFDTT-mathasst-78-at_11:59:39-101,79848465,102348,10/15/1900,MFDTT,FRUSTRATED,ON TASK
MFDTT-mathasst-78-at_11:59:39-102,99261179,33774,10/15/1900,MFDTT,CONCENTRATING,OFF TASK
MFDTT-mathasst-78-at_11:59:39-105,57782105,102338,10/15/1900,MFDTT,CONCENTRATING,OFF TASK
MFDTT-mathasst-78-at_11:59:39-108,57730750,109992,10/15/1900,MFDTT,CONCENTRATING,ON TASK
MFDTT-mathasst-78-at_11:59:39-109,37023021,84601,10/15/1900,MFDTT,CONCENTRATING,ON TASK
MFDTT-mathasst-78-at_11:59:39-11,80728323,115339,10/15/1900,MFDTT,BORED,OFF TASK
MFDTT-mathasst-78-at_11:59:39-113,46986442,66847,10/15/1900,MFDTT,CONFUSED,GAMING
MFDTT-mathasst-78-at_11:59:39-114,82137092,66806,10/15/1900,MFDTT,CONCENTRATING,ON TASK
MFDTT-mathasst-78-at_11:59:39-116,56012600,88492,10/15/1900,MFDTT,FRUSTRATED,ON TASK
MFDTT-mathasst-78-at_11:59:39-119,86032206,66842,10/15/1900,MFDTT,FRUSTRATED,ON TASK
MFDTT-mathasst-78-at_11:59:39-120,13203567,30480,10/15/1900,MFDTT,BORED,OFF TASK
MFDTT-mathasst-78-at_11:59:39-121,80728323,30478,10/15/1900,MFDTT,CONCENTRATING,OFF TASK
MFDTT-mathasst-78-at_11:59:39-122,79426664,61103,10/15/1900,MFDTT,BORED,OFF TASK
MFDTT-mathasst-78-at_11:59:39-123,79848465,102338,10/15/1900,MFDTT,CONCENTRATING,OFF TASK
MFDTT-mathasst-78-at_11:59:39-124,99261179,110696,10/15/1900,MFDTT,CONCENTRATING,ON TASK
MFDTT-mathasst-78-at_11:59:39-128,51514634,109037,10/15/1900,MFDTT,BORED,ON TASK CONV
MFDTT-mathasst-78-at_11:59:39-131,37023021,52912,10/15/1900,MFDTT,BORED,OFF TASK
MFDTT-mathasst-78-at_11:59:39-138,56012600,88474,10/15/1900,MFDTT,BORED,OFF TASK
MFDTT-mathasst-78-at_11:59:39-140,44195260,66474,10/15/1900,MFDTT,CONCENTRATING,OFF TASK
MFDTT-mathasst-78-at_11:59:39-142,13203567,30480,10/15/1900,MFDTT,CONCENTRATING,OFF TASK
MFDTT-mathasst-78-at_11:59:39-144,79426664,61103,10/15/1900,MFDTT,BORED,OFF TASK
MFDTT-mathasst-78-at_11:59:39-145,79848465,110696,10/15/1900,MFDTT,CONCENTRATING,OFF TASK
MFDTT-mathasst-78-at_11:59:39-146,99261179,66816,10/15/1900,MFDTT,CONCENTRATING,OFF TASK
MFDTT-mathasst-78-at_11:59:39-152,57730750,109992,10/15/1900,MFDTT,CONCENTRATING,OFF TASK
MFDTT-mathasst-78-at_11:59:39-156,38615878,51171,10/15/1900,MFDTT,BORED,ON TASK
MFDTT-mathasst-78-at_11:59:39-157,46986442,66848,10/15/1900,MFDTT,BORED,OFF TASK
MFDTT-mathasst-78-at_11:59:39-158,82137092,85043,10/15/1900,MFDTT,CONCENTRATING,OFF TASK
MFDTT-mathasst-78-at_11:59:39-160,56012600,60110,10/15/1900,MFDTT,CONCENTRATING,OFF TASK
MFDTT-mathasst-78-at_11:59:39-162,44195260,66475,10/15/1900,MFDTT,CONCENTRATING,OFF TASK
MFDTT-mathasst-78-at_11:59:39-166,79426664,61103,10/15/1900,MFDTT,CONCENTRATING,OFF TASK
MFDTT-mathasst-78-at_11:59:39-167,79848465,66855,10/15/1900,MFDTT,CONCENTRATING,OFF TASK
MFDTT-mathasst-78-at_11:59:39-168,99261179,66817,10/15/1900,MFDTT,CONCENTRATING,ON TASK
MFDTT-mathasst-78-at_11:59:39-173,53560647,110696,10/15/1900,MFDTT,CONCENTRATING,OFF TASK
MFDTT-mathasst-78-at_11:59:39-178,38615878,66817,10/15/1900,MFDTT,CONFUSED,ON TASK
MFDTT-mathasst-78-at_11:59:39-181,10851353,85111,10/15/1900,MFDTT,CONCENTRATING,ON TASK
MFDTT-mathasst-78-at_11:59:39-182,56012600,60110,10/15/1900,MFDTT,CONCENTRATING,ON TASK
MFDTT-mathasst-78-at_11:59:39-184,44195260,66401,10/15/1900,MFDTT,CONCENTRATING,OFF TASK
MFDTT-mathasst-78-at_11:59:39-189,79848465,66856,10/15/1900,MFDTT,FRUSTRATED,ON TASK
MFDTT-mathasst-78-at_11:59:39-190,99261179,66858,10/15/1900,MFDTT,CONCENTRATING,ON TASK
MFDTT-mathasst-78-at_11:59:39-192,74050350,66798,10/15/1900,MFDTT,BORED,OFF TASK
MFDTT-mathasst-78-at_11:59:39-194,51514634,109992,10/15/1900,MFDTT,CONCENTRATING,ON TASK CONV
MFDTT-mathasst-78-at_11:59:39-197,37023021,62545,10/15/1900,MFDTT,BORED,OFF TASK
MFDTT-mathasst-78-at_11:59:39-2,38615878,30480,10/15/1900,MFDTT,CONCENTRATING,ON TASK
MFDTT-mathasst-78-at_11:59:39-20,57730750,109037,10/15/1900,MFDTT,BORED,OFF TASK
MFDTT-mathasst-78-at_11:59:39-201,46986442,51159,10/15/1900,MFDTT,BORED,OFF TASK
MFDTT-mathasst-78-at_11:59:39-204,56012600,60085,10/15/1900,MFDTT,CONCENTRATING,OFF TASK
MFDTT-mathasst-78-at_11:59:39-214,74050350,66799,10/15/1900,MFDTT,FRUSTRATED,ON TASK
MFDTT-mathasst-78-at_11:59:39-215,57782105,102325,10/15/1900,MFDTT,CONCENTRATING,OFF TASK
MFDTT-mathasst-78-at_11:59:39-23,96856278,4466,10/15/1900,MFDTT,CONFUSED,ON TASK
MFDTT-mathasst-78-at_11:59:39-25,46986442,102330,10/15/1900,MFDTT,BORED,OFF TASK
MFDTT-mathasst-78-at_11:59:39-27,10851353,88022,10/15/1900,MFDTT,BORED,OFF TASK
MFDTT-mathasst-78-at_11:59:39-3,46986442,109992,10/15/1900,MFDTT,BORED,OFF TASK
MFDTT-mathasst-78-at_11:59:39-30,44195260,102348,10/15/1900,MFDTT,BORED,OFF TASK
MFDTT-mathasst-78-at_11:59:39-32,13203567,108873,10/15/1900,MFDTT,BORED,OFF TASK
MFDTT-mathasst-78-at_11:59:39-39,57782105,108895,10/15/1900,MFDTT,CONCENTRATING,ON TASK
MFDTT-mathasst-78-at_11:59:39-4,82137092,109999,10/15/1900,MFDTT,CONCENTRATING,ON TASK
MFDTT-mathasst-78-at_11:59:39-40,51514634,115334,10/15/1900,MFDTT,FRUSTRATED,ON TASK
MFDTT-mathasst-78-at_11:59:39-42,57730750,109037,10/15/1900,MFDTT,CONCENTRATING,ON TASK
MFDTT-mathasst-78-at_11:59:39-47,46986442,12391,10/15/1900,MFDTT,CONCENTRATING,ON TASK
MFDTT-mathasst-78-at_11:59:39-49,10851353,66477,10/15/1900,MFDTT,CONCENTRATING,ON TASK
MFDTT-mathasst-78-at_11:59:39-53,86032206,51153,10/15/1900,MFDTT,BORED,OFF TASK
MFDTT-mathasst-78-at_11:59:39-55,80728323,109037,10/15/1900,MFDTT,BORED,OFF TASK
MFDTT-mathasst-78-at_11:59:39-56,79426664,88403,10/15/1900,MFDTT,CONCENTRATING,ON TASK
MFDTT-mathasst-78-at_11:59:39-61,57782105,109038,10/15/1900,MFDTT,CONCENTRATING,ON TASK
MFDTT-mathasst-78-at_11:59:39-63,53560647,102336,10/15/1900,MFDTT,CONCENTRATING,OFF TASK
MFDTT-mathasst-78-at_11:59:39-65,37023021,51189,10/15/1900,MFDTT,CONCENTRATING,ON TASK
MFDTT-mathasst-78-at_11:59:39-68,38615878,115350,10/15/1900,MFDTT,CONCENTRATING,OFF TASK
MFDTT-mathasst-78-at_11:59:39-69,46986442,109038,10/15/1900,MFDTT,CONCENTRATING,ON TASK
MFDTT-mathasst-78-at_11:59:39-75,86032206,51153,10/15/1900,MFDTT,BORED,OFF TASK
MFDTT-mathasst-78-at_11:59:39-77,80728323,12361,10/15/1900,MFDTT,CONCENTRATING,OFF TASK
MFDTT-mathasst-78-at_11:59:39-78,79426664,85975,10/15/1900,MFDTT,CONFUSED,ON TASK
MFDTT-mathasst-78-at_11:59:39-79,79848465,33774,10/15/1900,MFDTT,FRUSTRATED,ON TASK
MFDTT-mathasst-78-at_11:59:39-82,74050350,102338,10/15/1900,MFDTT,CONCENTRATING,OFF TASK
MFDTT-mathasst-78-at_11:59:39-83,57782105,30460,10/15/1900,MFDTT,FRUSTRATED,ON TASK
MFDTT-mathasst-78-at_11:59:39-85,53560647,108873,10/15/1900,MFDTT,CONCENTRATING,OFF TASK
MFDTT-mathasst-78-at_11:59:39-86,57730750,109037,10/15/1900,MFDTT,FRUSTRATED,OFF TASK
MFDTT-mathasst-78-at_11:59:39-87,37023021,88467,10/15/1900,MFDTT,CONFUSED,ON TASK
MFDTT-mathasst-78-at_11:59:39-91,46986442,109963,10/15/1900,MFDTT,CONCENTRATING,OFF TASK
MFDTT-mathasst-78-at_11:59:39-94,56012600,88432,10/15/1900,MFDTT,CONCENTRATING,OFF TASK
MFDTT-mathasst-78-at_11:59:39-96,44195260,88434,10/15/1900,MFDTT,BORED,OFF TASK
MFDTT-mathasst-78-at_11:59:39-97,86032206,51153,10/15/1900,MFDTT,BORED,OFF TASK
MFDTT-mathasst-78-at_11:59:39-98,13203567,30479,10/15/1900,MFDTT,CONFUSED,ON TASK
MFDTT-mathasst-78-at_11:59:39-99,80728323,12361,10/15/1900,MFDTT,BORED,OFF TASK
MFDTT-mathasst-78-at_11:58:31-1,99245169,109999,10/19/1900,MFDTT,CONCENTRATING,ON TASK
MFDTT-mathasst-78-at_11:58:31-100,20531762,88406,10/19/1900,MFDTT,CONCENTRATING,OFF TASK
MFDTT-mathasst-78-at_11:58:31-101,86332116,84669,10/19/1900,MFDTT,BORED,OFF TASK
MFDTT-mathasst-78-at_11:58:31-102,90125000,33774,10/19/1900,MFDTT,BORED,?
MFDTT-mathasst-78-at_11:58:31-104,41672007,87999,10/19/1900,MFDTT,CONCENTRATING,OFF TASK
MFDTT-mathasst-78-at_11:58:31-107,57629086,88028,10/19/1900,MFDTT,BORED,OFF TASK
MFDTT-mathasst-78-at_11:58:31-108,83587405,33948,10/19/1900,MFDTT,CONCENTRATING,ON TASK
MFDTT-mathasst-78-at_11:58:31-11,57629086,33948,10/19/1900,MFDTT,BORED,OFF TASK
MFDTT-mathasst-78-at_11:58:31-111,37347193,97828,10/19/1900,MFDTT,BORED,OFF TASK
MFDTT-mathasst-78-at_11:58:31-114,4384150,66390,10/19/1900,MFDTT,BORED,OFF TASK
MFDTT-mathasst-78-at_11:58:31-118,90125000,33774,10/19/1900,MFDTT,BORED,OFF TASK
MFDTT-mathasst-78-at_11:58:31-119,30322458,52873,10/19/1900,MFDTT,CONCENTRATING,ON TASK
MFDTT-mathasst-78-at_11:58:31-123,57629086,88033,10/19/1900,MFDTT,CONCENTRATING,OFF TASK
MFDTT-mathasst-78-at_11:58:31-134,90125000,33774,10/19/1900,MFDTT,BORED,OFF TASK
MFDTT-mathasst-78-at_11:58:31-135,30322458,66872,10/19/1900,MFDTT,CONCENTRATING,ON TASK
MFDTT-mathasst-78-at_11:58:31-139,57629086,85944,10/19/1900,MFDTT,BORED,OFF TASK
MFDTT-mathasst-78-at_11:58:31-14,18369017,109995,10/19/1900,MFDTT,CONCENTRATING,OFF TASK
MFDTT-mathasst-78-at_11:58:31-141,80851964,66816,10/19/1900,MFDTT,FRUSTRATED,OFF TASK
MFDTT-mathasst-78-at_11:58:31-146,4384150,66854,10/19/1900,MFDTT,CONFUSED,ON TASK
MFDTT-mathasst-78-at_11:58:31-149,86332116,108926,10/19/1900,MFDTT,CONCENTRATING,ON TASK
MFDTT-mathasst-78-at_11:58:31-151,30322458,85882,10/19/1900,MFDTT,FRUSTRATED,ON TASK
MFDTT-mathasst-78-at_11:58:31-155,57629086,85944,10/19/1900,MFDTT,BORED,OFF TASK
MFDTT-mathasst-78-at_11:58:31-156,83587405,88245,10/19/1900,MFDTT,CONCENTRATING,ON TASK
MFDTT-mathasst-78-at_11:58:31-159,37347193,97808,10/19/1900,MFDTT,CONCENTRATING,ON TASK
MFDTT-mathasst-78-at_11:58:31-162,4384150,51210,10/19/1900,MFDTT,CONCENTRATING,OFF TASK
MFDTT-mathasst-78-at_11:58:31-166,90125000,110696,10/19/1900,MFDTT,BORED,ON TASK CONV
MFDTT-mathasst-78-at_11:58:31-17,99245169,110696,10/19/1900,MFDTT,CONCENTRATING,ON TASK
MFDTT-mathasst-78-at_11:58:31-171,57629086,85944,10/19/1900,MFDTT,CONCENTRATING,OFF TASK
MFDTT-mathasst-78-at_11:58:31-172,83587405,61101,10/19/1900,MFDTT,FRUSTRATED,ON TASK
MFDTT-mathasst-78-at_11:58:31-174,18369017,66801,10/19/1900,MFDTT,CONCENTRATING,OFF TASK
MFDTT-mathasst-78-at_11:58:31-175,37347193,97872,10/19/1900,MFDTT,CONCENTRATING,OFF TASK
MFDTT-mathasst-78-at_11:58:31-178,4384150,88491,10/19/1900,MFDTT,CONCENTRATING,ON TASK
MFDTT-mathasst-78-at_11:58:31-18,4384150,33736,10/19/1900,MFDTT,BORED,OFF TASK
MFDTT-mathasst-78-at_11:58:31-180,20531762,93571,10/19/1900,MFDTT,CONCENTRATING,ON TASK
MFDTT-mathasst-78-at_11:58:31-2,4384150,34153,10/19/1900,MFDTT,CONCENTRATING,ON TASK
MFDTT-mathasst-78-at_11:58:31-20,20531762,33950,10/19/1900,MFDTT,FRUSTRATED,ON TASK
MFDTT-mathasst-78-at_11:58:31-22,90125000,30460,10/19/1900,MFDTT,CONFUSED,GAMING
MFDTT-mathasst-78-at_11:58:31-23,30322458,109966,10/19/1900,MFDTT,CONFUSED,ON TASK
MFDTT-mathasst-78-at_11:58:31-24,41672007,33950,10/19/1900,MFDTT,CONCENTRATING,ON TASK
MFDTT-mathasst-78-at_11:58:31-28,83587405,109966,10/19/1900,MFDTT,BORED,OFF TASK
MFDTT-mathasst-78-at_11:58:31-29,80851964,33948,10/19/1900,MFDTT,CONCENTRATING,ON TASK
MFDTT-mathasst-78-at_11:58:31-31,37347193,128670,10/19/1900,MFDTT,CONCENTRATING,ON TASK
MFDTT-mathasst-78-at_11:58:31-33,99245169,102348,10/19/1900,MFDTT,CONFUSED,ON TASK
MFDTT-mathasst-78-at_11:58:31-38,90125000,115350,10/19/1900,MFDTT,CONCENTRATING,OFF TASK
MFDTT-mathasst-78-at_11:58:31-39,30322458,109966,10/19/1900,MFDTT,CONCENTRATING,OFF TASK
MFDTT-mathasst-78-at_11:58:31-40,41672007,102345,10/19/1900,MFDTT,CONCENTRATING,ON TASK
MFDTT-mathasst-78-at_11:58:31-45,80851964,33950,10/19/1900,MFDTT,BORED,OFF TASK
MFDTT-mathasst-78-at_11:58:31-46,18369017,102345,10/19/1900,MFDTT,CONCENTRATING,GAMING
MFDTT-mathasst-78-at_11:58:31-47,37347193,85601,10/19/1900,MFDTT,CONCENTRATING,ON TASK CONV
MFDTT-mathasst-78-at_11:58:31-48,48870773,51144,10/19/1900,MFDTT,CONFUSED,ON TASK CONV
MFDTT-mathasst-78-at_11:58:31-49,99245169,109995,10/19/1900,MFDTT,CONCENTRATING,ON TASK
MFDTT-mathasst-78-at_11:58:31-50,4384150,33720,10/19/1900,MFDTT,BORED,ON TASK
MFDTT-mathasst-78-at_11:58:31-53,86332116,85061,10/19/1900,MFDTT,BORED,OFF TASK
MFDTT-mathasst-78-at_11:58:31-54,90125000,33771,10/19/1900,MFDTT,CONCENTRATING,OFF TASK
MFDTT-mathasst-78-at_11:58:31-56,41672007,71339,10/19/1900,MFDTT,BORED,OFF TASK
MFDTT-mathasst-78-at_11:58:31-6,90125000,12391,10/19/1900,MFDTT,BORED,OFF TASK
MFDTT-mathasst-78-at_11:58:31-60,83587405,102357,10/19/1900,MFDTT,BORED,OFF TASK
MFDTT-mathasst-78-at_11:58:31-62,18369017,102357,10/19/1900,MFDTT,CONCENTRATING,OFF TASK
MFDTT-mathasst-78-at_11:58:31-70,90125000,33771,10/19/1900,MFDTT,BORED,OFF TASK
MFDTT-mathasst-78-at_11:58:31-71,30322458,33948,10/19/1900,MFDTT,CONFUSED,ON TASK
MFDTT-mathasst-78-at_11:58:31-72,41672007,71339,10/19/1900,MFDTT,CONCENTRATING,ON TASK
MFDTT-mathasst-78-at_11:58:31-75,57629086,85112,10/19/1900,MFDTT,BORED,OFF TASK
MFDTT-mathasst-78-at_11:58:31-78,18369017,102357,10/19/1900,MFDTT,CONCENTRATING,ON TASK
MFDTT-mathasst-78-at_11:58:31-86,90125000,33774,10/19/1900,MFDTT,BORED,OFF TASK
MFDTT-mathasst-78-at_11:58:31-92,83587405,109995,10/19/1900,MFDTT,CONCENTRATING,OFF TASK
MFDTT-mathasst-78-at_12:52:34-16,17488306,102345,10/19/1900,MFDTT,CONCENTRATING,ON TASK
MFDTT-mathasst-78-at_12:52:34-21,47186735,102345,10/19/1900,MFDTT,CONCENTRATING,ON TASK
MFDTT-mathasst-78-at_12:52:34-24,71137136,109966,10/19/1900,MFDTT,CONCENTRATING,ON TASK
MFDTT-mathasst-78-at_12:52:34-34,69946915,87472,10/19/1900,MFDTT,CONCENTRATING,ON TASK CONV
MFDTT-mathasst-78-at_12:52:34-36,53032020,33950,10/19/1900,MFDTT,CONFUSED,ON TASK
MFDTT-mathasst-78-at_12:52:34-38,91210577,33950,10/19/1900,MFDTT,CONCENTRATING,ON TASK
MFDTT-mathasst-78-at_12:52:34-4,27104091,102357,10/19/1900,MFDTT,CONCENTRATING,ON TASK
MFDTT-mathasst-78-at_12:52:34-40,98535100,33950,10/19/1900,MFDTT,CONFUSED,ON TASK
MFDTT-mathasst-78-at_12:52:34-46,85020693,102357,10/19/1900,MFDTT,CONCENTRATING,ON TASK
MFDTT-mathasst-78-at_12:52:34-5,15199436,109963,10/19/1900,MFDTT,CONCENTRATING,ON TASK
MFDTT-mathasst-78-at_12:52:34-50,96245238,102345,10/19/1900,MFDTT,BORED,OFF TASK
MFDTT-mathasst-78-at_12:52:34-51,39769525,33772,10/19/1900,MFDTT,CONFUSED,GAMING
MFDTT-mathasst-78-at_12:52:34-6,69946915,33948,10/19/1900,MFDTT,CONCENTRATING,ON TASK
MFDTT-mathasst-78-at_12:52:34-8,53032020,109995,10/19/1900,MFDTT,CONCENTRATING,ON TASK
MFDTT-mathasst-78-at_12:52:34-9,55523054,102338,10/19/1900,MFDTT,CONCENTRATING,ON TASK
MFDTT-mathasst-9-at_12:58:03-101,72714272,14929,10/15/1900,MFDTT,CONCENTRATING,ON TASK
MFDTT-mathasst-9-at_12:58:03-112,54038484,2264,10/15/1900,MFDTT,CONCENTRATING,ON TASK
MFDTT-mathasst-9-at_12:58:03-113,64476859,4468,10/15/1900,MFDTT,CONCENTRATING,OFF TASK
MFDTT-mathasst-9-at_12:58:03-116,17307303,56844,10/15/1900,MFDTT,BORED,OFF TASK
MFDTT-mathasst-9-at_12:58:03-118,72714272,2289,10/15/1900,MFDTT,CONCENTRATING,OFF TASK
MFDTT-mathasst-9-at_12:58:03-14,17307303,30174,10/15/1900,MFDTT,CONCENTRATING,ON TASK
MFDTT-mathasst-9-at_12:58:03-24,40118112,53934,10/15/1900,MFDTT,BORED,ON TASK
MFDTT-mathasst-9-at_12:58:03-25,85222222,1650,10/15/1900,MFDTT,BORED,OFF TASK
MFDTT-mathasst-9-at_12:58:03-29,95637463,4040,10/15/1900,MFDTT,CONCENTRATING,ON TASK
MFDTT-mathasst-9-at_12:58:03-3,11774971,9686,10/15/1900,MFDTT,CONFUSED,ON TASK
MFDTT-mathasst-9-at_12:58:03-36,10915640,4902,10/15/1900,MFDTT,CONCENTRATING,ON TASK
MFDTT-mathasst-9-at_12:58:03-37,11774971,4902,10/15/1900,MFDTT,CONCENTRATING,ON TASK
MFDTT-mathasst-9-at_12:58:03-42,85222222,66588,10/15/1900,MFDTT,BORED,OFF TASK
MFDTT-mathasst-9-at_12:58:03-44,54038484,66284,10/15/1900,MFDTT,CONCENTRATING,?
MFDTT-mathasst-9-at_12:58:03-46,95637463,115251,10/15/1900,MFDTT,CONFUSED,ON TASK
MFDTT-mathasst-9-at_12:58:03-50,72714272,2227,10/15/1900,MFDTT,BORED,GAMING
MFDTT-mathasst-9-at_12:58:03-53,10915640,53290,10/15/1900,MFDTT,BORED,OFF TASK
MFDTT-mathasst-9-at_12:58:03-58,40118112,84988,10/15/1900,MFDTT,FRUSTRATED,ON TASK
MFDTT-mathasst-9-at_12:58:03-67,72714272,1069,10/15/1900,MFDTT,BORED,OFF TASK
MFDTT-mathasst-9-at_12:58:03-76,85222222,84898,10/15/1900,MFDTT,CONCENTRATING,OFF TASK
MFDTT-mathasst-9-at_12:58:03-78,54038484,2286,10/15/1900,MFDTT,CONCENTRATING,ON TASK
MFDTT-mathasst-9-at_12:58:03-79,64476859,134,10/15/1900,MFDTT,CONFUSED,GAMING
MFDTT-mathasst-9-at_12:58:03-80,95637463,41225,10/15/1900,MFDTT,CONCENTRATING,OFF TASK
MFDTT-mathasst-9-at_12:58:03-84,72714272,4041,10/15/1900,MFDTT,CONCENTRATING,ON TASK CONV
MFDTT-mathasst-9-at_12:58:03-87,10915640,185456,10/15/1900,MFDTT,CONCENTRATING,ON TASK CONV
MFDTT-mathasst-9-at_12:58:03-88,11774971,84602,10/15/1900,MFDTT,CONCENTRATING,ON TASK
MFDTT-mathasst-9-at_12:58:03-92,40118112,172873,10/15/1900,MFDTT,CONFUSED,ON TASK
MFDTT-mathasst-9-at_12:58:03-93,85222222,89664,10/15/1900,MFDTT,CONFUSED,ON TASK
MFDTT-mathasst-9-at_12:58:03-95,54038484,2264,10/15/1900,MFDTT,BORED,OFF TASK
MFDTT-mathasst-9-at_12:58:03-97,95637463,43674,10/15/1900,MFDTT,FRUSTRATED,ON TASK
